Name;YT Scope Project;
File;C:\Users\Tobno\Desktop\Kv Tester\MainOpp120bar\80prosent.csv;
Starttime of export;134212488104990000;tirsdag 21. april 2026;14:40:10.499
Endtime of export;134212488155306576;tirsdag 21. april 2026;14:40:15.530


Name;fPresSupply_bar (1);Name;fPres2A_bar;Name;fPres2B_bar;Name;fCylinder2_m;Name;fSensor2_V;Name;fValve2_V

0;116.78823206274605;0;73.610644856105225;0;10.681478316599017;0;0.15624840968177126;0;8.8930936613055813;0;8.999908444471572
10;116.91030610065005;10;73.696096682638029;10;10.681478316599017;10;0.15652521050431711;10;8.8903469954527417;10;8.999908444471572
20;116.87368388927885;20;73.757133701590021;20;10.742515335551014;20;0.15672292537756416;20;8.8982818079165;20;8.999908444471572
30;116.91030610065005;30;73.708304086428427;30;10.791344950712608;30;0.15703926917475944;30;8.8946195867793811;30;8.999908444471572
40;116.87368388927885;40;73.622852259895623;40;10.742515335551014;40;0.1572765270226559;40;8.89706106753746;40;8.999908444471572
50;117.03238013855403;50;73.622852259895623;50;10.693685720389416;50;0.15747424189590295;50;8.8924832911160614;50;8.999908444471572
60;117.02017273476363;60;73.610644856105225;60;10.754722739341412;60;0.15783012866774768;60;8.8946195867793811;60;8.999908444471572
70;116.99575792718284;70;73.622852259895623;70;10.779137546922209;70;0.15818601543959238;70;8.8930936613055813;70;8.999908444471572
80;117.14224677266762;80;73.635059663686036;80;10.742515335551014;80;0.15842327328748881;80;8.8927884762108214;80;8.999908444471572
90;117.14224677266762;90;73.696096682638029;90;10.766930143131811;90;0.15862098816073589;90;8.8943144016846212;90;8.999908444471572
100;117.19107638782921;100;73.744926297799623;100;10.889004181035796;100;0.15889778898328175;100;8.8912625507370215;100;8.999908444471572
110;117.08120975371563;110;73.68388927884763;110;11.011078218939788;110;0.15909550385652879;110;8.896145512253181;110;8.999908444471572
120;117.19107638782921;120;73.622852259895623;120;11.072115237891781;120;0.15941184765372407;120;8.8924832911160614;120;8.999908444471572
130;117.11783196508682;130;73.586230048524428;130;10.986663411358991;130;0.15972819145091932;130;8.895535142063661;130;8.999908444471572
140;117.21549119541001;140;73.537400433362833;140;10.913418988616597;140;0.15996544929881581;140;8.8900418103579817;140;8.999908444471572
150;117.337565233314;150;73.561815240943631;150;10.950041199987792;150;0.16020270714671231;150;8.8927884762108214;150;8.999908444471572
160;117.25211340678121;160;73.537400433362833;160;10.913418988616597;160;0.16040042201995935;160;8.8921781060213014;160;8.999908444471572
170;117.2887356181524;170;73.512985625782036;170;11.059907834101383;170;0.16075630879180405;170;8.8949247718741411;170;8.999908444471572
180;117.3009430219428;180;73.451948606830044;180;11.011078218939788;180;0.1610726525889993;180;8.8937040314951012;180;8.999908444471572
190;117.19107638782921;190;73.439741203039645;190;10.913418988616597;190;0.1613099104368958;190;8.8906521805475016;190;8.999908444471572
200;117.13003936887722;200;73.464156010620442;200;10.99887081514939;200;0.16154716828479224;200;8.8943144016846212;200;8.999908444471572
210;117.45963927121798;210;73.342081972716457;210;10.99887081514939;210;0.16174488315803928;210;8.8894314401684618;210;8.999908444471572
220;117.337565233314;220;73.244422742393269;220;10.913418988616597;220;0.16198214100593575;220;8.8906521805475016;220;8.999908444471572
230;117.37418744468519;230;73.244422742393269;230;10.950041199987792;230;0.16225894182848161;230;8.8903469954527417;230;8.999908444471572
240;117.38639484847559;240;73.268837549974066;240;10.937833796197394;240;0.16253574265102746;240;8.8982818079165;240;8.999908444471572
250;117.3009430219428;250;73.281044953764464;250;10.876796777245398;250;0.16285208644822285;250;8.8909573656422616;250;8.999908444471572
260;117.2887356181524;260;73.268837549974066;260;10.962248603778194;260;0.16320797322006755;260;8.8903469954527417;260;8.999908444471572
270;117.3253578295236;270;73.146763512070066;270;10.937833796197394;270;0.16348477404261341;270;8.8933988464003413;270;8.999908444471572
280;117.39860225226599;280;73.171178319650863;280;11.011078218939788;280;0.16380111783980869;280;8.8937040314951012;280;8.999908444471572
290;117.36198004089479;290;73.31766716513566;290;11.047700430310984;290;0.16407791866235455;290;8.8903469954527417;290;8.999908444471572
300;117.41080965605639;300;73.31766716513566;300;11.023285622730187;300;0.1642360905609522;300;8.887600329599902;300;8.999908444471572
310;117.14224677266762;310;73.354289376506856;310;10.974456007568593;310;0.16447334840884867;310;8.8952299569689011;310;8.999908444471572
320;117.21549119541001;320;73.366496780297254;320;10.99887081514939;320;0.16475014923139453;320;8.8906521805475016;320;8.999908444471572
330;117.15445417645802;330;73.281044953764464;330;11.059907834101383;330;0.16502695005394039;330;8.8933988464003413;330;8.999908444471572
340;117.21549119541001;340;73.31766716513566;340;10.962248603778194;340;0.16522466492718749;340;8.8906521805475016;340;8.999908444471572
350;117.17886898403881;350;73.31766716513566;350;10.889004181035796;350;0.165659637648331;350;8.8949247718741411;350;8.999908444471572
360;117.11783196508682;360;73.183385723441262;360;10.876796777245398;360;0.16597598144552628;360;8.8894314401684618;360;8.999908444471572
370;117.276528214362;370;73.232215338602856;370;10.901211584826195;370;0.16609461036947451;370;8.8882106997894219;370;8.999908444471572
380;117.2887356181524;380;73.232215338602856;380;10.913418988616597;380;0.16629232524272156;380;8.8897366252632217;380;8.999908444471572
390;117.20328379161961;390;73.183385723441262;390;10.889004181035796;390;0.16656912606526741;390;8.8879055146946619;390;8.999908444471572
400;117.13003936887722;400;73.244422742393269;400;10.950041199987792;400;0.16676684093851446;400;8.8912625507370215;400;8.999908444471572
410;117.23990600299081;410;73.31766716513566;410;10.962248603778194;410;0.16700409878641093;410;8.8879055146946619;410;8.999908444471572
420;117.08120975371563;420;73.207800531022059;420;10.840174565874202;420;0.16724135663430739;420;8.8930936613055813;420;8.999908444471572
430;117.2887356181524;430;73.134556108279668;430;10.876796777245398;430;0.16755770043150264;430;8.8894314401684618;430;8.999908444471572
440;117.3009430219428;440;73.342081972716457;440;10.962248603778194;440;0.1679135872033474;440;8.8924832911160614;440;8.999908444471572
450;117.337565233314;450;73.232215338602856;450;10.937833796197394;450;0.16815084505124384;450;8.8894314401684618;450;8.999908444471572
460;117.37418744468519;460;73.183385723441262;460;10.901211584826195;460;0.16846718884843914;460;8.8906521805475016;460;8.999908444471572
470;117.19107638782921;470;73.244422742393269;470;10.876796777245398;470;0.16870444669633558;470;8.8894314401684618;470;8.999908444471572
480;117.20328379161961;480;73.122348704489269;480;10.99887081514939;480;0.16902079049353086;480;8.8885158848841819;480;8.999908444471572
490;117.19107638782921;490;73.097933896908472;490;11.047700430310984;490;0.16929759131607672;490;8.8927884762108214;490;8.999908444471572
500;117.2887356181524;500;73.220007934812458;500;10.962248603778194;500;0.16953484916397318;500;8.8897366252632217;500;8.999908444471572
510;117.14224677266762;510;73.171178319650863;510;10.974456007568593;510;0.16977210701186965;510;8.8918729209265415;510;8.999908444471572
520;117.14224677266762;520;73.146763512070066;520;10.986663411358991;520;0.17004890783441551;520;8.8882106997894219;520;8.999908444471572
530;117.04458754234443;530;73.146763512070066;530;10.974456007568593;530;0.17024662270766261;530;8.8930936613055813;530;8.999908444471572
540;117.09341715750602;540;73.085726493118074;540;10.986663411358991;540;0.17048388055555908;540;8.8882106997894219;540;8.999908444471572
550;117.15445417645802;550;73.134556108279668;550;10.901211584826195;550;0.17083976732740375;550;8.8906521805475016;550;8.999908444471572
560;117.14224677266762;560;73.03689687795648;560;10.937833796197394;560;0.17103748220065079;560;8.8891262550737018;560;8.999908444471572
570;117.19107638782921;570;73.049104281746878;570;11.059907834101383;570;0.17131428302319668;570;8.8891262550737018;570;8.999908444471572
580;117.08120975371563;580;72.975859859004487;580;11.023285622730187;580;0.17151199789644372;580;8.8894314401684618;580;8.999908444471572
590;117.04458754234443;590;72.817163609729292;590;10.974456007568593;590;0.171828341693639;590;8.887600329599902;590;8.999908444471572
600;116.95913571581164;600;72.8782006286813;600;10.901211584826195;600;0.17206559954153544;600;8.8933988464003413;600;8.999908444471572
610;117.20328379161961;610;72.975859859004487;610;10.962248603778194;610;0.17230285738943191;610;8.8903469954527417;610;8.999908444471572
620;117.20328379161961;620;72.988067262794885;620;10.974456007568593;620;0.17257965821197779;620;8.8930936613055813;620;8.999908444471572
630;117.15445417645802;630;72.95144505142369;630;10.876796777245398;630;0.17281691605987429;630;8.8891262550737018;630;8.999908444471572
640;117.09341715750602;640;72.939237647633291;640;10.901211584826195;640;0.17313325985706957;640;8.8918729209265415;640;8.999908444471572
650;117.09341715750602;650;72.975859859004487;650;10.99887081514939;650;0.17352868960356366;650;8.8882106997894219;650;8.999908444471572
660;116.99575792718284;660;73.03689687795648;660;11.011078218939788;660;0.17384503340075894;660;8.8903469954527417;660;8.999908444471572
670;116.87368388927885;670;72.975859859004487;670;10.950041199987792;670;0.17396366232470717;670;8.8882106997894219;670;8.999908444471572
680;117.04458754234443;680;72.963652455214088;680;10.99887081514939;680;0.17431954909655184;680;8.887600329599902;680;8.999908444471572
690;116.97134311960204;690;72.939237647633291;690;10.99887081514939;690;0.17459634991909773;690;8.8912625507370215;690;8.999908444471572
700;117.02017273476363;700;72.8904080324717;700;10.962248603778194;700;0.17487315074164358;700;8.8885158848841819;700;8.999908444471572
710;116.91030610065005;710;72.963652455214088;710;10.901211584826195;710;0.17511040858954005;710;8.8921781060213014;710;8.999908444471572
720;116.93472090823084;720;73.073519089327675;720;10.840174565874202;720;0.1753476664374366;720;8.8866847743156221;720;8.999908444471572
730;116.97134311960204;730;72.8904080324717;730;10.889004181035796;730;0.17558492428533307;730;8.8903469954527417;730;8.999908444471572
740;117.09341715750602;740;72.7805413983581;740;11.059907834101383;740;0.17582218213322953;740;8.887295144505142;740;8.999908444471572
750;117.03238013855403;750;72.8904080324717;750;11.169774468214973;750;0.17613852593042481;750;8.8900418103579817;750;8.999908444471572
760;117.02017273476363;760;72.939237647633291;760;11.072115237891781;760;0.17645486972762006;760;8.8885158848841819;760;8.999908444471572
770;117.17886898403881;770;72.95144505142369;770;10.913418988616597;770;0.17677121352481537;770;8.8900418103579817;770;8.999908444471572
780;117.05679494613483;780;72.927030243842893;780;10.962248603778194;780;0.1768898424487636;780;8.8906521805475016;780;8.999908444471572
790;117.08120975371563;790;72.95144505142369;790;11.072115237891781;790;0.17716664327130946;790;8.887295144505142;790;8.999908444471572
800;117.03238013855403;800;72.927030243842893;800;11.011078218939788;800;0.17748298706850471;800;8.8903469954527417;800;8.999908444471572
810;117.276528214362;810;72.841578417310089;810;10.937833796197394;810;0.1777597878910506;810;8.8854640339365822;810;8.999908444471572
820;117.03238013855403;820;72.927030243842893;820;10.889004181035796;820;0.17799704573894709;820;8.8897366252632217;820;8.999908444471572
830;117.03238013855403;830;72.927030243842893;830;10.974456007568593;830;0.17811567466289532;830;8.8879055146946619;830;8.999908444471572
840;117.13003936887722;840;72.841578417310089;840;11.08432264168218;840;0.17843201846009063;840;8.8933988464003413;840;8.999908444471572
850;117.05679494613483;850;72.7927488021485;850;11.096530045472578;850;0.17862973333333768;850;8.8900418103579817;850;8.999908444471572
860;117.15445417645802;860;72.7195043794061;860;11.072115237891781;860;0.1787879052319353;860;8.8897366252632217;860;8.999908444471572
870;117.04458754234443;870;72.7072969756157;870;11.011078218939788;870;0.17910424902913058;870;8.887600329599902;870;8.999908444471572
880;117.02017273476363;880;72.817163609729292;880;10.986663411358991;880;0.17953922175027409;880;8.8860744041261022;880;8.999908444471572
890;117.03238013855403;890;72.8537858211005;890;11.059907834101383;890;0.17973693662352114;890;8.8900418103579817;890;8.999908444471572
900;117.09341715750602;900;72.817163609729292;900;11.047700430310984;900;0.17997419447141758;900;8.887295144505142;900;8.999908444471572
910;116.92251350444045;910;72.7072969756157;910;11.08432264168218;910;0.18025099529396343;910;8.8912625507370215;910;8.999908444471572
920;117.11783196508682;920;72.58522293771172;920;11.08432264168218;920;0.18048825314185996;920;8.8885158848841819;920;8.999908444471572
930;117.15445417645802;930;72.524185918759727;930;10.974456007568593;930;0.18076505396440581;930;8.8933988464003413;930;8.999908444471572
940;117.19107638782921;940;72.573015533921321;940;11.023285622730187;940;0.18092322586300347;940;8.887295144505142;940;8.999908444471572
950;117.14224677266762;950;72.8049562059389;950;11.059907834101383;950;0.18123956966019875;950;8.8885158848841819;950;8.999908444471572
960;117.14224677266762;960;72.8049562059389;960;10.974456007568593;960;0.18147682750809521;960;8.8857692190313422;960;8.999908444471572
970;117.23990600299081;970;72.597430341502118;970;10.913418988616597;970;0.18179317130529046;970;8.8857692190313422;970;8.999908444471572
980;116.99575792718284;980;72.560808130130923;980;10.974456007568593;980;0.18210951510248574;980;8.887295144505142;980;8.999908444471572
990;116.92251350444045;990;72.7805413983581;990;11.059907834101383;990;0.18238631592503163;990;8.8854640339365822;990;8.999908444471572
1000;116.82485427411726;1000;72.7927488021485;1000;11.047700430310984;1000;0.18266311674757749;1000;8.8921781060213014;1000;8.999908444471572
1010;117.00796533097324;1010;72.646259956663712;1010;10.974456007568593;1010;0.18286083162082464;1010;8.8882106997894219;1010;8.999908444471572
1020;117.03238013855403;1020;72.658467360454111;1020;10.950041199987792;1020;0.18313763244337053;1020;8.8909573656422616;1020;8.999908444471572
1030;117.08120975371563;1030;72.682882168034908;1030;10.962248603778194;1030;0.18345397624056578;1030;8.887600329599902;1030;8.999908444471572
1040;117.10562456129642;1040;72.597430341502118;1040;10.986663411358991;1040;0.18369123408846225;1040;8.8909573656422616;1040;8.999908444471572
1050;116.99575792718284;1050;72.560808130130923;1050;10.974456007568593;1050;0.18384940598705987;1050;8.8854640339365822;1050;8.999908444471572
1060;117.03238013855403;1060;72.7072969756157;1060;10.99887081514939;1060;0.18416574978425515;1060;8.8851588488418223;1060;8.999908444471572
1070;117.00796533097324;1070;72.682882168034908;1070;11.047700430310984;1070;0.18440300763215159;1070;8.8869899594103821;1070;8.999908444471572
1080;117.04458754234443;1080;72.658467360454111;1080;10.974456007568593;1080;0.18467980845469747;1080;8.8879055146946619;1080;8.999908444471572
1090;116.97134311960204;1090;72.7561265907773;1090;10.950041199987792;1090;0.18491706630259394;1090;8.8909573656422616;1090;8.999908444471572
1100;117.14224677266762;1100;72.817163609729292;1100;11.059907834101383;1100;0.18519386712513983;1100;8.8869899594103821;1100;8.999908444471572
1110;117.00796533097324;1110;72.7683339945677;1110;11.08432264168218;1110;0.18535203902373745;1110;8.8906521805475016;1110;8.999908444471572
1120;117.05679494613483;1120;72.7072969756157;1120;11.072115237891781;1120;0.18562883984628337;1120;8.8857692190313422;1120;8.999908444471572
1130;116.97134311960204;1130;72.658467360454111;1130;11.072115237891781;1130;0.18598472661812807;1130;8.8903469954527417;1130;8.999908444471572
1140;117.03238013855403;1140;72.536393322550126;1140;11.047700430310984;1140;0.18630107041532334;1140;8.8860744041261022;1140;8.999908444471572
1150;116.89809869685965;1150;72.524185918759727;1150;11.096530045472578;1150;0.18661741421251862;1150;8.8885158848841819;1150;8.999908444471572
1160;116.83706167790766;1160;72.58522293771172;1160;11.08432264168218;1160;0.18685467206041506;1160;8.8885158848841819;1160;8.999908444471572
1170;117.13003936887722;1170;72.670674764244509;1170;11.072115237891781;1170;0.18709192990831153;1170;8.8894314401684618;1170;8.999908444471572
1180;117.05679494613483;1180;72.560808130130923;1180;11.120944853053375;1180;0.18725010180690915;1180;8.8894314401684618;1180;8.999908444471572
1190;117.00796533097324;1190;72.49977111117893;1190;11.120944853053375;1190;0.18760598857875385;1190;8.8866847743156221;1190;8.999908444471572
1200;116.84926908169805;1200;72.536393322550126;1200;11.08432264168218;1200;0.18796187535059861;1200;8.8912625507370215;1200;8.999908444471572
1210;116.95913571581164;1210;72.597430341502118;1210;11.059907834101383;1210;0.18815959022384562;1210;8.887295144505142;1210;8.999908444471572
1220;116.94692831202124;1220;72.609637745292517;1220;11.023285622730187;1220;0.1884759340210409;1220;8.8918729209265415;1220;8.999908444471572
1230;117.10562456129642;1230;72.49977111117893;1230;11.023285622730187;1230;0.18875273484358679;1230;8.8879055146946619;1230;8.999908444471572
1240;117.10562456129642;1240;72.487563707388531;1240;11.023285622730187;1240;0.18898999269148323;1240;8.8903469954527417;1240;8.999908444471572
1250;117.00796533097324;1250;72.524185918759727;1250;10.99887081514939;1250;0.18914816459008085;1250;8.887295144505142;1250;8.999908444471572
1260;116.94692831202124;1260;72.438734092226937;1260;11.08432264168218;1260;0.18946450838727613;1260;8.8894314401684618;1260;8.999908444471572
1270;117.02017273476363;1270;72.438734092226937;1270;11.120944853053375;1270;0.18978085218447141;1270;8.8882106997894219;1270;8.999908444471572
1280;117.17886898403881;1280;72.573015533921321;1280;11.120944853053375;1280;0.1900576530070173;1280;8.887600329599902;1280;8.999908444471572
1290;116.99575792718284;1290;72.560808130130923;1290;11.08432264168218;1290;0.19025536788026434;1290;8.8921781060213014;1290;8.999908444471572
1300;117.09341715750602;1300;72.49977111117893;1300;11.059907834101383;1300;0.190413539778862;1300;8.887600329599902;1300;8.999908444471572
1310;117.00796533097324;1310;72.573015533921321;1310;11.096530045472578;1310;0.19065079762675849;1310;8.8903469954527417;1310;8.999908444471572
1320;117.08120975371563;1320;72.621845149082915;1320;11.108737449262977;1320;0.19096714142395377;1320;8.8866847743156221;1320;8.999908444471572
1330;117.09341715750602;1330;72.524185918759727;1330;11.108737449262977;1330;0.19124394224649963;1330;8.8912625507370215;1330;8.999908444471572
1340;117.11783196508682;1340;72.49977111117893;1340;11.145359660634172;1340;0.1914416571197467;1340;8.887295144505142;1340;8.999908444471572
1350;117.10562456129642;1350;72.58522293771172;1350;11.157567064424574;1350;0.19183708686624079;1350;8.8894314401684618;1350;8.999908444471572
1360;116.93472090823084;1360;72.463148899807734;1360;11.059907834101383;1360;0.19207434471413726;1360;8.8885158848841819;1360;8.999908444471572
1370;117.02017273476363;1370;72.365489669484546;1370;11.072115237891781;1370;0.19235114553668309;1370;8.8882106997894219;1370;8.999908444471572
1380;117.09341715750602;1380;72.316660054322952;1380;11.120944853053375;1380;0.19258840338457958;1380;8.8885158848841819;1380;8.999908444471572
1390;117.03238013855403;1390;72.41431928464614;1390;11.059907834101383;1390;0.19286520420712541;1390;8.8857692190313422;1390;8.999908444471572
1400;116.82485427411726;1400;72.573015533921321;1400;10.99887081514939;1400;0.19314200502967135;1400;8.8912625507370215;1400;8.999908444471572
1410;117.03238013855403;1410;72.524185918759727;1410;11.023285622730187;1410;0.19341880585221724;1410;8.887600329599902;1410;8.999908444471572
1420;116.93472090823084;1420;72.377697073274945;1420;11.08432264168218;1420;0.19373514964941249;1420;8.8924832911160614;1420;8.999908444471572
1430;116.92251350444045;1430;72.341074861903749;1430;11.108737449262977;1430;0.19397240749730896;1430;8.8879055146946619;1430;8.999908444471572
1440;117.02017273476363;1440;72.487563707388531;1440;11.169774468214973;1440;0.19424920831985484;1440;8.8903469954527417;1440;8.999908444471572
1450;117.03238013855403;1450;72.475356303598133;1450;11.157567064424574;1450;0.19448646616775128;1450;8.8882106997894219;1450;8.999908444471572
1460;117.05679494613483;1460;72.49977111117893;1460;11.157567064424574;1460;0.19480280996494656;1460;8.8894314401684618;1460;8.999908444471572
1470;116.97134311960204;1470;72.41431928464614;1470;11.157567064424574;1470;0.19507961078749239;1470;8.8866847743156221;1470;8.999908444471572
1480;116.97134311960204;1480;72.292245246742155;1480;11.096530045472578;1480;0.1953959545846877;1480;8.8842432935575424;1480;8.999908444471572
1490;116.84926908169805;1490;72.292245246742155;1490;11.120944853053375;1490;0.19563321243258425;1490;8.8894314401684618;1490;8.999908444471572
1500;116.99575792718284;1500;72.377697073274945;1500;11.120944853053375;1500;0.19583092730583132;1500;8.887295144505142;1500;8.999908444471572
1510;116.91030610065005;1510;72.426526688436539;1510;11.096530045472578;1510;0.19606818515372776;1510;8.8930936613055813;1510;8.999908444471572
1520;117.05679494613483;1520;72.475356303598133;1520;11.096530045472578;1520;0.19634498597627364;1520;8.8885158848841819;1520;8.999908444471572
1530;117.00796533097324;1530;72.524185918759727;1530;11.181981872005371;1530;0.19662178679881948;1530;8.8918729209265415;1530;8.999908444471572
1540;117.00796533097324;1540;72.402111880855742;1540;11.145359660634172;1540;0.19681950167206655;1540;8.887295144505142;1540;8.999908444471572
1550;116.92251350444045;1550;72.402111880855742;1550;11.108737449262977;1550;0.19725447439321006;1550;8.8891262550737018;1550;8.999908444471572
1560;116.86147648548845;1560;72.389904477065343;1560;11.19418927579577;1560;0.19749173224110653;1560;8.8879055146946619;1560;8.999908444471572
1570;117.05679494613483;1570;72.41431928464614;1570;11.243018890957366;1570;0.19772899008900297;1570;8.8882106997894219;1570;8.999908444471572
1580;117.02017273476363;1580;72.316660054322952;1580;11.20639667958617;1580;0.19792670496225;1580;8.8897366252632217;1580;8.999908444471572
1590;117.08120975371563;1590;72.267830439161358;1590;11.255226294747764;1590;0.19824304875944534;1590;8.8866847743156221;1590;8.999908444471572
1600;117.05679494613483;1600;72.341074861903749;1600;11.243018890957366;1600;0.19851984958199123;1600;8.8909573656422616;1600;8.999908444471572
1610;117.08120975371563;1610;72.292245246742155;1610;11.108737449262977;1610;0.19879665040453709;1610;8.8869899594103821;1610;8.999908444471572
1620;116.89809869685965;1620;72.219000823999764;1620;11.096530045472578;1620;0.19907345122708295;1620;8.8906521805475016;1620;8.999908444471572
1630;117.09341715750602;1630;72.267830439161358;1630;11.169774468214973;1630;0.19931070907497941;1630;8.8869899594103821;1630;8.999908444471572
1640;117.10562456129642;1640;72.304452650532554;1640;11.20639667958617;1640;0.19958750989752524;1640;8.8918729209265415;1640;8.999908444471572
1650;116.99575792718284;1650;72.194586016418967;1650;11.157567064424574;1650;0.19982476774542174;1650;8.8882106997894219;1650;8.999908444471572
1660;117.08120975371563;1660;72.194586016418967;1660;11.169774468214973;1660;0.20014111154261702;1660;8.887600329599902;1660;8.999908444471572
1670;117.05679494613483;1670;72.280037842951756;1670;11.120944853053375;1670;0.20037836939051348;1670;8.8900418103579817;1670;8.999908444471572
1680;117.13003936887722;1680;72.219000823999764;1680;11.108737449262977;1680;0.20069471318770879;1680;8.887600329599902;1680;8.999908444471572
1690;117.17886898403881;1690;72.121341593676576;1690;11.19418927579577;1690;0.20105059995955349;1690;8.8882106997894219;1690;8.999908444471572
1700;117.11783196508682;1700;72.206793420209365;1700;11.218604083376569;1700;0.20136694375674877;1700;8.8854640339365822;1700;8.999908444471572
1710;116.84926908169805;1710;72.157963805047771;1710;11.20639667958617;1710;0.20152511565534639;1710;8.8930936613055813;1710;8.999908444471572
1720;117.05679494613483;1720;72.145756401257373;1720;11.108737449262977;1720;0.20172283052859347;1720;8.8882106997894219;1720;8.999908444471572
1730;117.15445417645802;1730;72.157963805047771;1730;11.108737449262977;1730;0.2019600883764899;1730;8.8918729209265415;1730;8.999908444471572
1740;117.15445417645802;1740;72.145756401257373;1740;11.157567064424574;1740;0.20211826027508753;1740;8.8885158848841819;1740;8.999908444471572
1750;117.11783196508682;1750;72.243415631580561;1750;11.08432264168218;1750;0.20243460407228281;1750;8.8906521805475016;1750;8.999908444471572
1760;117.03238013855403;1760;72.182378612628568;1760;11.145359660634172;1760;0.2027114048948287;1760;8.8894314401684618;1760;8.999908444471572
1770;117.02017273476363;1770;72.157963805047771;1770;11.255226294747764;1770;0.20298820571737453;1770;8.8885158848841819;1770;8.999908444471572
1780;117.10562456129642;1780;72.219000823999764;1780;11.181981872005371;1780;0.2032254635652711;1780;8.8903469954527417;1780;8.999908444471572
1790;117.3009430219428;1790;72.145756401257373;1790;11.169774468214973;1790;0.203502264387817;1790;8.8869899594103821;1790;8.999908444471572
1800;117.09341715750602;1800;72.121341593676576;1800;11.108737449262977;1800;0.203699979261064;1800;8.8930936613055813;1800;8.999908444471572
1810;117.05679494613483;1810;72.206793420209365;1810;11.096530045472578;1810;0.20397678008360989;1810;8.8897366252632217;1810;8.999908444471572
1820;116.95913571581164;1820;72.206793420209365;1820;11.19418927579577;1820;0.20425358090615578;1820;8.8946195867793811;1820;8.999908444471572
1830;116.99575792718284;1830;72.145756401257373;1830;11.108737449262977;1830;0.20449083875405225;1830;8.8897366252632217;1830;8.999908444471572
1840;117.03238013855403;1840;72.182378612628568;1840;11.023285622730187;1840;0.20484672552589689;1840;8.8921781060213014;1840;8.999908444471572
1850;117.05679494613483;1850;72.243415631580561;1850;11.157567064424574;1850;0.20512352634844278;1850;8.8879055146946619;1850;8.999908444471572
1860;117.05679494613483;1860;72.292245246742155;1860;11.181981872005371;1860;0.20543987014563805;1860;8.8882106997894219;1860;8.999908444471572
1870;117.04458754234443;1870;72.121341593676576;1870;11.181981872005371;1870;0.20559804204423568;1870;8.8909573656422616;1870;8.999908444471572
1880;117.13003936887722;1880;71.96264534440138;1880;11.243018890957366;1880;0.20595392881608043;1880;8.8897366252632217;1880;8.999908444471572
1890;116.95913571581164;1890;71.999267555772576;1890;11.243018890957366;1890;0.20623072963862632;1890;8.8943144016846212;1890;8.999908444471572
1900;117.03238013855403;1900;72.145756401257373;1900;11.145359660634172;1900;0.20646798748652276;1900;8.8894314401684618;1900;8.999908444471572
1910;116.89809869685965;1910;72.133548997466974;1910;11.096530045472578;1910;0.20678433128371804;1910;8.8924832911160614;1910;8.999908444471572
1920;117.02017273476363;1920;72.182378612628568;1920;11.243018890957366;1920;0.20710067508091332;1920;8.887295144505142;1920;8.999908444471572
1930;116.97134311960204;1930;72.206793420209365;1930;11.279641102328561;1930;0.20737747590345917;1930;8.8918729209265415;1930;8.999908444471572
1940;117.00796533097324;1940;72.145756401257373;1940;11.20639667958617;1940;0.20761473375135564;1940;8.8894314401684618;1940;8.999908444471572
1950;116.95913571581164;1950;72.08471938230538;1950;11.243018890957366;1950;0.20793107754855092;1950;8.8924832911160614;1950;8.999908444471572
1960;116.99575792718284;1960;71.96264534440138;1960;11.267433698538163;1960;0.20808924944714854;1960;8.8909573656422616;1960;8.999908444471572
1970;117.10562456129642;1970;71.999267555772576;1970;11.218604083376569;1970;0.20840559324434391;1970;8.8891262550737018;1970;8.999908444471572
1980;117.00796533097324;1980;72.096926786095779;1980;11.19418927579577;1980;0.20864285109224034;1980;8.8909573656422616;1980;8.999908444471572
1990;117.09341715750602;1990;72.035889767143772;1990;11.255226294747764;1990;0.2089196519147862;1990;8.8891262550737018;1990;8.999908444471572
2000;116.95913571581164;2000;72.035889767143772;2000;11.255226294747764;2000;0.20907782381338383;2000;8.8949247718741411;2000;8.999908444471572
2010;117.11783196508682;2010;72.145756401257373;2010;11.218604083376569;2010;0.20931508166128027;2010;8.8906521805475016;2010;8.999908444471572
2020;117.05679494613483;2020;72.08471938230538;2020;11.279641102328561;2020;0.2096314254584756;2020;8.8930936613055813;2020;8.999908444471572
2030;117.15445417645802;2030;72.109134189886177;2030;11.29184850611896;2030;0.20994776925567085;2030;8.8891262550737018;2030;8.999908444471572
2040;117.19107638782921;2040;72.096926786095779;2040;11.169774468214973;2040;0.21026411305286613;2040;8.8949247718741411;2040;8.999908444471572
2050;117.08120975371563;2050;71.913815729239786;2050;11.120944853053375;2050;0.210540913875412;2050;8.8900418103579817;2050;8.999908444471572
2060;116.97134311960204;2060;71.999267555772576;2060;11.181981872005371;2060;0.21085725767260732;2060;8.8900418103579817;2060;8.999908444471572
2070;116.87368388927885;2070;71.950437940610982;2070;11.120944853053375;2070;0.21109451552050379;2070;8.8918729209265415;2070;8.999908444471572
2080;116.92251350444045;2080;71.926023133030185;2080;11.169774468214973;2080;0.21133177336840023;2080;8.8927884762108214;2080;8.999908444471572
2090;116.92251350444045;2090;71.999267555772576;2090;11.255226294747764;2090;0.21160857419094611;2090;8.8912625507370215;2090;8.999908444471572
2100;117.11783196508682;2100;72.011474959562975;2100;11.29184850611896;2100;0.21188537501349194;2100;8.887295144505142;2100;8.999908444471572
2110;116.99575792718284;2110;72.060304574724569;2110;11.29184850611896;2110;0.21220171881068728;2110;8.8943144016846212;2110;8.999908444471572
2120;116.97134311960204;2120;72.096926786095779;2120;11.267433698538163;2120;0.21247851963323311;2120;8.8906521805475016;2120;8.999908444471572
2130;117.00796533097324;2130;71.950437940610982;2130;11.279641102328561;2130;0.212755320455779;2130;8.8946195867793811;2130;8.999908444471572
2140;117.11783196508682;2140;71.828363902707;2140;11.401715140232552;2140;0.21303212127832483;2140;8.8906521805475016;2140;8.999908444471572
2150;117.15445417645802;2150;71.926023133030185;2150;11.352885525070958;2150;0.21330892210087077;2150;8.8937040314951012;2150;8.999908444471572
2160;117.15445417645802;2160;71.938230536820583;2160;11.267433698538163;2160;0.21346709399946839;2160;8.8906521805475016;2160;8.999908444471572
2170;117.23990600299081;2170;71.987060151982178;2170;11.267433698538163;2170;0.21366480887271547;2170;8.8906521805475016;2170;8.999908444471572
2180;117.08120975371563;2180;71.96264534440138;2180;11.19418927579577;2180;0.21390206672061191;2180;8.8900418103579817;2180;8.999908444471572
2190;117.09341715750602;2190;71.926023133030185;2190;11.255226294747764;2190;0.21413932456850837;2190;8.8882106997894219;2190;8.999908444471572
2200;117.03238013855403;2200;71.999267555772576;2200;11.279641102328561;2200;0.21437658241640481;2200;8.8946195867793811;2200;8.999908444471572
2210;117.19107638782921;2210;72.011474959562975;2210;11.267433698538163;2210;0.21469292621360009;2210;8.8912625507370215;2210;8.999908444471572
2220;117.05679494613483;2220;71.987060151982178;2220;11.279641102328561;2220;0.21496972703614597;2220;8.8952299569689011;2220;8.999908444471572
2230;116.97134311960204;2230;71.8405713064974;2230;11.30405590990936;2230;0.21520698488404241;2230;8.8897366252632217;2230;8.999908444471572
2240;117.04458754234443;2240;71.8039490951262;2240;11.316263313699759;2240;0.21552332868123769;2240;8.8937040314951012;2240;8.999908444471572
2250;117.02017273476363;2250;71.8405713064974;2250;11.218604083376569;2250;0.21580012950378369;2250;8.8909573656422616;2250;8.999908444471572
2260;117.02017273476363;2260;71.8405713064974;2260;11.29184850611896;2260;0.21615601627562836;2260;8.8927884762108214;2260;8.999908444471572
2270;116.95913571581164;2270;71.7551194799646;2270;11.20639667958617;2270;0.21635373114887543;2270;8.8906521805475016;2270;8.999908444471572
2280;117.14224677266762;2280;71.8039490951262;2280;11.145359660634172;2280;0.21659098899677187;2280;8.8900418103579817;2280;8.999908444471572
2290;117.17886898403881;2290;71.8405713064974;2290;11.20639667958617;2290;0.21682824684466834;2290;8.8937040314951012;2290;8.999908444471572
2300;117.15445417645802;2300;71.767326883755;2300;11.267433698538163;2300;0.21714459064186359;2300;8.8906521805475016;2300;8.999908444471572
2310;116.92251350444045;2310;71.730704672383808;2310;11.316263313699759;2310;0.21742139146440947;2310;8.8949247718741411;2310;8.999908444471572
2320;116.87368388927885;2320;71.8039490951262;2320;11.316263313699759;2320;0.21769819228695533;2320;8.8906521805475016;2320;8.999908444471572
2330;117.00796533097324;2330;71.901608325449388;2330;11.267433698538163;2330;0.21793545013485183;2330;8.895535142063661;2330;8.999908444471572
2340;117.13003936887722;2340;71.8405713064974;2340;11.340678121280556;2340;0.21817270798274827;2340;8.8906521805475016;2340;8.999908444471572
2350;117.03238013855403;2350;71.7429120761742;2350;11.389507736442154;2350;0.21848905177994357;2350;8.8930936613055813;2350;8.999908444471572
2360;116.99575792718284;2360;71.706289864803011;2360;11.29184850611896;2360;0.21880539557713885;2360;8.8894314401684618;2360;8.999908444471572
2370;117.13003936887722;2370;71.7551194799646;2370;11.352885525070958;2370;0.21912173937433413;2370;8.8897366252632217;2370;8.999908444471572
2380;117.15445417645802;2380;71.8405713064974;2380;11.352885525070958;2380;0.21927991127293181;2380;8.8943144016846212;2380;8.999908444471572
2390;117.10562456129642;2390;71.8161564989166;2390;11.340678121280556;2390;0.21951716912082825;2390;8.8927884762108214;2390;8.999908444471572
2400;116.87368388927885;2400;71.584215826899012;2400;11.401715140232552;2400;0.21983351291802353;2400;8.8952299569689011;2400;8.999908444471572
2410;116.97134311960204;2410;71.559801019318215;2410;11.401715140232552;2410;0.22011031374056936;2410;8.8906521805475016;2410;8.999908444471572
2420;116.91030610065005;2420;71.6574602496414;2420;11.30405590990936;2420;0.22038711456311524;2420;8.895840327158421;2420;8.999908444471572
2430;117.09341715750602;2430;71.681875057222214;2430;11.267433698538163;2430;0.22062437241101171;2430;8.8903469954527417;2430;8.999908444471572
2440;117.15445417645802;2440;71.7429120761742;2440;11.389507736442154;2440;0.22090117323355762;2440;8.8927884762108214;2440;8.999908444471572
2450;117.17886898403881;2450;71.6696676534318;2450;11.377300332651755;2450;0.2210988881068047;2450;8.8912625507370215;2450;8.999908444471572
2460;117.10562456129642;2460;71.572008423108613;2460;11.29184850611896;2460;0.22141523190399995;2460;8.8952299569689011;2460;8.999908444471572
2470;116.93472090823084;2470;71.572008423108613;2470;11.377300332651755;2470;0.22173157570119523;2470;8.8933988464003413;2470;8.999908444471572
2480;116.93472090823084;2480;71.681875057222214;2480;11.401715140232552;2480;0.22200837652374111;2480;8.8912625507370215;2480;8.999908444471572
2490;116.91030610065005;2490;71.681875057222214;2490;11.377300332651755;2490;0.22228517734628694;2490;8.8927884762108214;2490;8.999908444471572
2500;117.05679494613483;2500;71.6574602496414;2500;11.365092928861356;2500;0.22256197816883283;2500;8.8891262550737018;2500;8.999908444471572
2510;116.95913571581164;2510;71.59642323068941;2510;11.30405590990936;2510;0.22283877899137869;2510;8.8933988464003413;2510;8.999908444471572
2520;117.02017273476363;2520;71.6574602496414;2520;11.352885525070958;2520;0.22307603683927513;2520;8.8906521805475016;2520;8.999908444471572
2530;117.00796533097324;2530;71.6696676534318;2530;11.30405590990936;2530;0.2232737517125222;2530;8.89706106753746;2530;8.999908444471572
2540;117.08120975371563;2540;71.572008423108613;2540;11.279641102328561;2540;0.22351100956041878;2540;8.8927884762108214;2540;8.999908444471572
2550;117.10562456129642;2550;71.620838038270207;2550;11.316263313699759;2550;0.22390643930691287;2550;8.8949247718741411;2550;8.999908444471572
2560;117.05679494613483;2560;71.584215826899012;2560;11.365092928861356;2560;0.22410415418015991;2560;8.8897366252632217;2560;8.999908444471572
2570;117.05679494613483;2570;71.559801019318215;2570;11.401715140232552;2570;0.22438095500270577;2570;8.8885158848841819;2570;8.999908444471572
2580;117.00796533097324;2580;71.523178807947019;2580;11.389507736442154;2580;0.22465775582525166;2580;8.8903469954527417;2580;8.999908444471572
2590;116.97134311960204;2590;71.547593615527816;2590;11.401715140232552;2590;0.2248950136731481;2590;8.8897366252632217;2590;8.999908444471572
2600;116.82485427411726;2600;71.462141788995027;2600;11.365092928861356;2600;0.22513227152104456;2600;8.895840327158421;2600;8.999908444471572
2610;117.02017273476363;2610;71.303445539719846;2610;11.365092928861356;2610;0.22532998639429161;2610;8.8921781060213014;2610;8.999908444471572
2620;117.02017273476363;2620;71.376689962462237;2620;11.462752159184546;2620;0.22560678721683747;2620;8.89736625263222;2620;8.999908444471572
2630;117.02017273476363;2630;71.437726981414229;2630;11.413922544022951;2630;0.22584404506473391;2630;8.8921781060213014;2630;8.999908444471572
2640;116.94692831202124;2640;71.547593615527816;2640;11.389507736442154;2640;0.22612084588727979;2640;8.895535142063661;2640;8.999908444471572
2650;116.92251350444045;2650;71.6574602496414;2650;11.438337351603748;2650;0.22631856076052687;2650;8.8909573656422616;2650;8.999908444471572
2660;117.02017273476363;2660;71.449934385204628;2660;11.413922544022951;2660;0.22667444753237154;2660;8.8909573656422616;2660;8.999908444471572
2670;116.99575792718284;2670;71.279030732139034;2670;11.401715140232552;2670;0.22691170538026798;2670;8.8924832911160614;2670;8.999908444471572
2680;117.02017273476363;2680;71.303445539719846;2680;11.401715140232552;2680;0.22718850620281386;2680;8.8927884762108214;2680;8.999908444471572
2690;116.92251350444045;2690;71.266823328348636;2690;11.377300332651755;2690;0.2274257640507103;2690;8.8933988464003413;2690;8.999908444471572
2700;117.04458754234443;2700;71.340067751091041;2700;11.389507736442154;2700;0.22766302189860677;2700;8.8900418103579817;2700;8.999908444471572
2710;116.95913571581164;2710;71.388897366252635;2710;11.389507736442154;2710;0.22797936569580204;2710;8.89797662282174;2710;8.999908444471572
2720;117.04458754234443;2720;71.425519577623831;2720;11.389507736442154;2720;0.22825616651834793;2720;8.8924832911160614;2720;8.999908444471572
2730;116.92251350444045;2730;71.425519577623831;2730;11.389507736442154;2730;0.22857251031554332;2730;8.895535142063661;2730;8.999908444471572
2740;117.08120975371563;2740;71.437726981414229;2740;11.389507736442154;2740;0.22884931113808915;2740;8.8918729209265415;2740;8.999908444471572
2750;117.05679494613483;2750;71.449934385204628;2750;11.450544755394148;2750;0.22912611196063504;2750;8.8952299569689011;2750;8.999908444471572
2760;116.94692831202124;2760;71.364482558671838;2760;11.438337351603748;2760;0.22924474088458327;2760;8.8930936613055813;2760;8.999908444471572
2770;117.04458754234443;2770;71.279030732139034;2770;11.413922544022951;2770;0.22960062765642794;2770;8.8909573656422616;2770;8.999908444471572
2780;117.04458754234443;2780;71.205786309396643;2780;11.450544755394148;2780;0.22999605740292203;2780;8.8921781060213014;2780;8.999908444471572
2790;117.15445417645802;2790;71.242408520767839;2790;11.535996581926939;2790;0.23019377227616911;2790;8.8897366252632217;2790;8.999908444471572
2800;117.03238013855403;2800;71.340067751091041;2800;11.487166966765344;2800;0.23051011607336436;2800;8.8949247718741411;2800;8.999908444471572
2810;117.09341715750602;2810;71.327860347300643;2810;11.340678121280556;2810;0.23082645987055964;2810;8.8909573656422616;2810;8.999908444471572
2820;116.92251350444045;2820;71.217993713187042;2820;11.267433698538163;2820;0.23110326069310563;2820;8.8952299569689011;2820;8.999908444471572
2830;117.02017273476363;2830;71.242408520767839;2830;11.389507736442154;2830;0.23130097556635265;2830;8.8894314401684618;2830;8.999908444471572
2840;117.11783196508682;2840;71.303445539719846;2840;11.572618793298135;2840;0.23149869043959972;2840;8.8924832911160614;2840;8.999908444471572
2850;117.11783196508682;2850;71.327860347300643;2850;11.560411389507737;2850;0.23173594828749619;2850;8.8903469954527417;2850;8.999908444471572
2860;117.14224677266762;2860;71.35227515488144;2860;11.413922544022951;2860;0.23205229208469144;2860;8.8918729209265415;2860;8.999908444471572
2870;117.05679494613483;2870;71.217993713187042;2870;11.340678121280556;2870;0.23225000695793852;2870;8.8918729209265415;2870;8.999908444471572
2880;117.15445417645802;2880;71.193578905606245;2880;11.401715140232552;2880;0.23256635075513379;2880;8.8909573656422616;2880;8.999908444471572
2890;117.08120975371563;2890;71.205786309396643;2890;11.438337351603748;2890;0.23288269455232907;2890;8.895840327158421;2890;8.999908444471572
2900;117.13003936887722;2900;71.144749290444651;2900;11.462752159184546;2900;0.23319903834952432;2900;8.8909573656422616;2900;8.999908444471572
2910;117.03238013855403;2910;71.388897366252635;2910;11.462752159184546;2910;0.2333967532227714;2910;8.8930936613055813;2910;8.999908444471572
2920;117.10562456129642;2920;71.462141788995027;2920;11.352885525070958;2920;0.23363401107066784;2920;8.8897366252632217;2920;8.999908444471572
2930;117.13003936887722;2930;71.291238135929447;2930;11.316263313699759;2930;0.23395035486786311;2930;8.8949247718741411;2930;8.999908444471572
2940;117.14224677266762;2940;71.303445539719846;2940;11.365092928861356;2940;0.23418761271575958;2940;8.8906521805475016;2940;8.999908444471572
2950;117.11783196508682;2950;71.205786309396643;2950;11.413922544022951;2950;0.23450395651295483;2950;8.8937040314951012;2950;8.999908444471572
2960;117.19107638782921;2960;71.181371501815846;2960;11.413922544022951;2960;0.23482030031015011;2960;8.8918729209265415;2960;8.999908444471572
2970;117.21549119541001;2970;71.242408520767839;2970;11.377300332651755;2970;0.235097101132696;2970;8.8912625507370215;2970;8.999908444471572
2980;117.05679494613483;2980;71.193578905606245;2980;11.377300332651755;2980;0.235294816005943;2980;8.8943144016846212;2980;8.999908444471572
2990;117.15445417645802;2990;71.266823328348636;2990;11.548203985717338;2990;0.2355716168284889;2990;8.8909573656422616;2990;8.999908444471572
3000;116.97134311960204;3000;71.242408520767839;3000;11.609241004669332;3000;0.2359275036003336;3000;8.8937040314951012;3000;8.999908444471572
3010;117.14224677266762;3010;71.169164098025448;3010;11.535996581926939;3010;0.23620430442287957;3010;8.8903469954527417;3010;8.999908444471572
3020;117.11783196508682;3020;71.120334482863854;3020;11.487166966765344;3020;0.23640201929612664;3020;8.89706106753746;3020;8.999908444471572
3030;117.15445417645802;3030;71.095919675283056;3030;11.450544755394148;3030;0.23667882011867247;3030;8.8924832911160614;3030;8.999908444471572
3040;117.14224677266762;3040;71.022675252540665;3040;11.438337351603748;3040;0.23687653499191955;3040;8.8949247718741411;3040;8.999908444471572
3050;117.05679494613483;3050;70.973845637379071;3050;11.413922544022951;3050;0.23715333581446538;3050;8.8918729209265415;3050;8.999908444471572
3060;117.19107638782921;3060;70.961638233588673;3060;11.438337351603748;3060;0.23746967961166068;3060;8.8927884762108214;3060;8.999908444471572
3070;117.04458754234443;3070;70.973845637379071;3070;11.548203985717338;3070;0.23778602340885596;3070;8.8924832911160614;3070;8.999908444471572
3080;117.13003936887722;3080;71.010467848750267;3080;11.572618793298135;3080;0.23806282423140179;3080;8.8900418103579817;3080;8.999908444471572
3090;117.08120975371563;3090;70.98605304116947;3090;11.499374370555744;3090;0.23837916802859707;3090;8.8927884762108214;3090;8.999908444471572
3100;117.11783196508682;3100;70.961638233588673;3100;11.474959562974945;3100;0.23865596885114296;3100;8.8906521805475016;3100;8.999908444471572
3110;116.93472090823084;3110;70.998260444959868;3110;11.487166966765344;3110;0.23889322669903942;3110;8.89706106753746;3110;8.999908444471572
3120;117.02017273476363;3120;71.071504867702259;3120;11.438337351603748;3120;0.23917002752158528;3120;8.8930936613055813;3120;8.999908444471572
3130;117.00796533097324;3130;71.010467848750267;3130;11.487166966765344;3130;0.23948637131878056;3130;8.89797662282174;3130;8.999908444471572
3140;117.00796533097324;3140;70.998260444959868;3140;11.548203985717338;3140;0.23972362916667703;3140;8.8930936613055813;3140;8.999908444471572
3150;117.02017273476363;3150;71.071504867702259;3150;11.645863216040528;3150;0.24003997296387228;3150;8.8946195867793811;3150;8.999908444471572
3160;116.99575792718284;3160;71.059297463911861;3160;11.560411389507737;3160;0.24023768783711935;3160;8.8921781060213014;3160;8.999908444471572
3170;117.05679494613483;3170;71.083712271492658;3170;11.499374370555744;3170;0.24055403163431463;3170;8.8912625507370215;3170;8.999908444471572
3180;117.00796533097324;3180;71.022675252540665;3180;11.535996581926939;3180;0.24083083245686046;3180;8.8933988464003413;3180;8.999908444471572
3190;117.10562456129642;3190;71.022675252540665;3190;11.535996581926939;3190;0.24110763327940646;3190;8.8918729209265415;3190;8.999908444471572
3200;116.93472090823084;3200;70.998260444959868;3200;11.572618793298135;3200;0.24138443410195232;3200;8.89736625263222;3200;8.999908444471572
3210;117.13003936887722;3210;70.973845637379071;3210;11.609241004669332;3210;0.24158214897519936;3210;8.8924832911160614;3210;8.999908444471572
3220;117.08120975371563;3220;71.022675252540665;3220;11.548203985717338;3220;0.24193803574704409;3220;8.8952299569689011;3220;8.999908444471572
3230;116.97134311960204;3230;70.998260444959868;3230;11.462752159184546;3230;0.24217529359494053;3230;8.8909573656422616;3230;8.999908444471572
3240;117.04458754234443;3240;71.047090060121462;3240;11.474959562974945;3240;0.24237300846818755;3240;8.895840327158421;3240;8.999908444471572
3250;117.05679494613483;3250;70.998260444959868;3250;11.413922544022951;3250;0.24268935226538282;3250;8.8909573656422616;3250;8.999908444471572
3260;117.10562456129642;3260;70.961638233588673;3260;11.487166966765344;3260;0.24304523903722752;3260;8.8900418103579817;3260;8.999908444471572
3270;117.04458754234443;3270;70.925016022217477;3270;11.474959562974945;3270;0.24332203985977341;3270;8.8912625507370215;3270;8.999908444471572
3280;117.15445417645802;3280;70.925016022217477;3280;11.389507736442154;3280;0.2436383836569688;3280;8.8900418103579817;3280;8.999908444471572
3290;117.09341715750602;3290;70.961638233588673;3290;11.462752159184546;3290;0.24383609853021582;3290;8.8918729209265415;3290;8.999908444471572
3300;117.13003936887722;3300;70.90060121463668;3300;11.499374370555744;3300;0.24407335637811228;3300;8.887600329599902;3300;8.999908444471572
3310;117.05679494613483;3310;70.815149388103876;3310;11.487166966765344;3310;0.24438970017530753;3310;8.8933988464003413;3310;8.999908444471572
3320;117.09341715750602;3320;70.790734580523079;3320;11.474959562974945;3320;0.24462695802320403;3320;8.8897366252632217;3320;8.999908444471572
3330;116.95913571581164;3330;70.86397900326547;3330;11.438337351603748;3330;0.24494330182039931;3330;8.8943144016846212;3330;8.999908444471572
3340;117.04458754234443;3340;70.912808618427078;3340;11.462752159184546;3340;0.24525964561759458;3340;8.8891262550737018;3340;8.999908444471572
3350;117.09341715750602;3350;70.839564195684673;3350;11.560411389507737;3350;0.24549690346549102;3350;8.8906521805475016;3350;8.999908444471572
3360;116.99575792718284;3360;70.827356791894275;3360;11.548203985717338;3360;0.24565507536408868;3360;8.8900418103579817;3360;8.999908444471572
3370;117.14224677266762;3370;70.937223426007876;3370;11.511581774346142;3370;0.24593187618663456;3370;8.8903469954527417;3370;8.999908444471572
3380;117.03238013855403;3380;70.98605304116947;3380;11.548203985717338;3380;0.24620867700918039;3380;8.8930936613055813;3380;8.999908444471572
3390;116.99575792718284;3390;70.90060121463668;3390;11.511581774346142;3390;0.24648547783172628;3390;8.8900418103579817;3390;8.999908444471572
3400;116.91030610065005;3400;70.876186407055869;3400;11.535996581926939;3400;0.24680182162892156;3400;8.8933988464003413;3400;8.999908444471572
3410;117.14224677266762;3410;70.827356791894275;3410;11.572618793298135;3410;0.24711816542611681;3410;8.8894314401684618;3410;8.999908444471572
3420;117.05679494613483;3420;70.77852717673268;3420;11.633655812250129;3420;0.2473949662486627;3420;8.8949247718741411;3420;8.999908444471572
3430;116.99575792718284;3430;70.888393810846267;3430;11.609241004669332;3430;0.24771131004585797;3430;8.8891262550737018;3430;8.999908444471572
3440;117.00796533097324;3440;70.912808618427078;3440;11.633655812250129;3440;0.247909024919105;3440;8.8909573656422616;3440;8.999908444471572
3450;116.99575792718284;3450;70.912808618427078;3450;11.670278023621325;3450;0.24806719681770265;3450;8.8900418103579817;3450;8.999908444471572
3460;117.03238013855403;3460;70.973845637379071;3460;11.560411389507737;3460;0.2483439976402485;3460;8.8918729209265415;3460;8.999908444471572
3470;117.09341715750602;3470;70.766319772942282;3470;11.499374370555744;3470;0.24869988441209334;3470;8.8906521805475016;3470;8.999908444471572
3480;117.19107638782921;3480;70.680867946409492;3480;11.609241004669332;3480;0.24901622820928862;3480;8.8882106997894219;3480;8.999908444471572
3490;116.95913571581164;3490;70.839564195684673;3490;11.633655812250129;3490;0.24925348605718506;3490;8.8927884762108214;3490;8.999908444471572
3500;117.02017273476363;3500;70.90060121463668;3500;11.584826197088534;3500;0.24949074390508152;3500;8.8882106997894219;3500;8.999908444471572
3510;116.86147648548845;3510;70.86397900326547;3510;11.633655812250129;3510;0.24976754472762736;3510;8.8930936613055813;3510;8.999908444471572
3520;116.99575792718284;3520;70.839564195684673;3520;11.670278023621325;3520;0.25004434555017324;3520;8.8894314401684618;3520;8.999908444471572
3530;116.99575792718284;3530;70.741904965361485;3530;11.597033600878934;3530;0.25032114637271913;3530;8.8943144016846212;3530;8.999908444471572
3540;116.97134311960204;3540;70.6564531388287;3540;11.499374370555744;3540;0.25055840422061559;3540;8.8906521805475016;3540;8.999908444471572
3550;117.04458754234443;3550;70.6442457350383;3550;11.597033600878934;3550;0.25095383396710969;3550;8.8924832911160614;3550;8.999908444471572
3560;117.02017273476363;3560;70.6320383312479;3560;11.645863216040528;3560;0.25119109181500626;3560;8.8903469954527417;3560;8.999908444471572
3570;117.10562456129642;3570;70.77852717673268;3570;11.548203985717338;3570;0.25130972073895447;3570;8.8900418103579817;3570;8.999908444471572
3580;116.99575792718284;3580;70.90060121463668;3580;11.462752159184546;3580;0.25154697858685088;3580;8.8918729209265415;3580;8.999908444471572
3590;117.08120975371563;3590;70.827356791894275;3590;11.487166966765344;3590;0.25186332238404618;3590;8.8891262550737018;3590;8.999908444471572
3600;116.94692831202124;3600;70.680867946409492;3600;11.499374370555744;3600;0.25217966618124149;3600;8.8949247718741411;3600;8.999908444471572
3610;116.83706167790766;3610;70.693075350199891;3610;11.572618793298135;3610;0.25249600997843674;3610;8.8900418103579817;3610;8.999908444471572
3620;116.81264687032686;3620;70.693075350199891;3620;11.609241004669332;3620;0.25273326782633321;3620;8.8949247718741411;3620;8.999908444471572
3630;116.99575792718284;3630;70.5954161198767;3630;11.572618793298135;3630;0.25304961162352846;3630;8.8909573656422616;3630;8.999908444471572
3640;116.95913571581164;3640;70.522171697134311;3640;11.597033600878934;3640;0.25344504137002255;3640;8.8937040314951012;3640;8.999908444471572
3650;117.03238013855403;3650;70.485549485763116;3650;11.609241004669332;3650;0.25360321326862018;3650;8.8903469954527417;3650;8.999908444471572
3660;117.09341715750602;3660;70.5587939085055;3660;11.645863216040528;3660;0.25384047111651664;3660;8.8906521805475016;3660;8.999908444471572
3670;117.03238013855403;3670;70.6198309274575;3670;11.609241004669332;3670;0.25411727193906253;3670;8.8918729209265415;3670;8.999908444471572
3680;117.19107638782921;3680;70.5954161198767;3680;11.633655812250129;3680;0.25439407276160841;3680;8.8900418103579817;3680;8.999908444471572
3690;116.93472090823084;3690;70.6076235236671;3690;11.609241004669332;3690;0.25471041655880367;3690;8.8949247718741411;3690;8.999908444471572
3700;116.94692831202124;3700;70.717490157780688;3700;11.548203985717338;3700;0.25502676035599897;3700;8.8909573656422616;3700;8.999908444471572
3710;116.94692831202124;3710;70.766319772942282;3710;11.584826197088534;3710;0.25534310415319422;3710;8.8952299569689011;3710;8.999908444471572
3720;117.10562456129642;3720;70.6198309274575;3720;11.609241004669332;3720;0.25558036200109069;3720;8.8903469954527417;3720;8.999908444471572
3730;117.08120975371563;3730;70.6320383312479;3730;11.645863216040528;3730;0.25573853389968831;3730;8.8943144016846212;3730;8.999908444471572
3740;117.02017273476363;3740;70.766319772942282;3740;11.682485427411724;3740;0.25593624877293536;3740;8.8903469954527417;3740;8.999908444471572
3750;117.05679494613483;3750;70.680867946409492;3750;11.645863216040528;3750;0.25625259257013078;3750;8.8912625507370215;3750;8.999908444471572
3760;117.09341715750602;3760;70.6076235236671;3760;11.609241004669332;3760;0.25652939339267661;3760;8.8903469954527417;3760;8.999908444471572
3770;117.21549119541001;3770;70.5832087160863;3770;11.75572985015412;3770;0.25684573718987191;3770;8.8909573656422616;3770;8.999908444471572
3780;117.13003936887722;3780;70.509964293343913;3780;11.670278023621325;3780;0.25704345206311896;3780;8.8943144016846212;3780;8.999908444471572
3790;117.10562456129642;3790;70.5587939085055;3790;11.609241004669332;3790;0.25728070991101543;3790;8.8903469954527417;3790;8.999908444471572
3800;116.94692831202124;3800;70.693075350199891;3800;11.682485427411724;3800;0.25755751073356131;3800;8.8933988464003413;3800;8.999908444471572
3810;117.11783196508682;3810;70.6076235236671;3810;11.670278023621325;3810;0.25795294048005535;3810;8.8903469954527417;3810;8.999908444471572
3820;117.11783196508682;3820;70.6320383312479;3820;11.633655812250129;3820;0.25822974130260123;3820;8.896145512253181;3820;8.999908444471572
3830;117.14224677266762;3830;70.6564531388287;3830;11.609241004669332;3830;0.25842745617584828;3830;8.8906521805475016;3830;8.999908444471572
3840;117.02017273476363;3840;70.522171697134311;3840;11.658070619830927;3840;0.25866471402374475;3840;8.8927884762108214;3840;8.999908444471572
3850;116.94692831202124;3850;70.44892727439192;3850;11.645863216040528;3850;0.25898105782094011;3850;8.8906521805475016;3850;8.999908444471572
3860;117.02017273476363;3860;70.497756889553514;3860;11.670278023621325;3860;0.2593764875674342;3860;8.8921781060213014;3860;8.999908444471572
3870;116.92251350444045;3870;70.6442457350383;3870;11.584826197088534;3870;0.25961374541533067;3870;8.8927884762108214;3870;8.999908444471572
3880;117.08120975371563;3880;70.522171697134311;3880;11.597033600878934;3880;0.25981146028857771;3880;8.8900418103579817;3880;8.999908444471572
3890;117.22769859920041;3890;70.36347544785913;3890;11.694692831202126;3890;0.26004871813647418;3890;8.8918729209265415;3890;8.999908444471572
3900;117.22769859920041;3900;70.375682851649529;3900;11.719107638782923;3900;0.26036506193366948;3900;8.8882106997894219;3900;8.999908444471572
3910;116.91030610065005;3910;70.412305063020725;3910;11.706900234992524;3910;0.26064186275621531;3910;8.8952299569689011;3910;8.999908444471572
3920;117.00796533097324;3920;70.412305063020725;3920;11.584826197088534;3920;0.26083957762946236;3920;8.8906521805475016;3920;8.999908444471572
3930;117.13003936887722;3930;70.412305063020725;3930;11.572618793298135;3930;0.26111637845200825;3930;8.8943144016846212;3930;8.999908444471572
3940;117.19107638782921;3940;70.509964293343913;3940;11.609241004669332;3940;0.2614327222492035;3940;8.8909573656422616;3940;8.999908444471572
3950;117.04458754234443;3950;70.436719870601522;3950;11.694692831202126;3950;0.26166998009709996;3950;8.8937040314951012;3950;8.999908444471572
3960;116.97134311960204;3960;70.351268044068732;3960;11.767937253944519;3960;0.26190723794499643;3960;8.8918729209265415;3960;8.999908444471572
3970;117.13003936887722;3970;70.351268044068732;3970;11.75572985015412;3970;0.26222358174219168;3970;8.8903469954527417;3970;8.999908444471572
3980;117.10562456129642;3980;70.461134678182319;3980;11.682485427411724;3980;0.26242129661543878;3980;8.8933988464003413;3980;8.999908444471572
3990;117.13003936887722;3990;70.485549485763116;3990;11.645863216040528;3990;0.26269809743798467;3990;8.8894314401684618;3990;8.999908444471572
4000;116.81264687032686;4000;70.339060640278333;4000;11.694692831202126;4000;0.2629748982605305;4000;8.8921781060213014;4000;8.999908444471572
4010;116.87368388927885;4010;70.44892727439192;4010;11.743522446363722;4010;0.26329124205772575;4010;8.8900418103579817;4010;8.999908444471572
4020;116.95913571581164;4020;70.375682851649529;4020;11.75572985015412;4020;0.263607585854921;4020;8.896145512253181;4020;8.999908444471572
4030;116.97134311960204;4030;70.180364391003152;4030;11.706900234992524;4030;0.26384484370281758;4030;8.8918729209265415;4030;8.999908444471572
4040;116.97134311960204;4040;70.241401409955145;4040;11.767937253944519;4040;0.26416118750001294;4040;8.8946195867793811;4040;8.999908444471572
4050;117.11783196508682;4050;70.339060640278333;4050;11.780144657734917;4050;0.26439844534790935;4050;8.8897366252632217;4050;8.999908444471572
4060;117.13003936887722;4060;70.326853236487935;4060;11.682485427411724;4060;0.26463570319580582;4060;8.8894314401684618;4060;8.999908444471572
4070;116.92251350444045;4070;70.265816217535942;4070;11.633655812250129;4070;0.26491250401835165;4070;8.8924832911160614;4070;8.999908444471572
4080;117.00796533097324;4080;70.241401409955145;4080;11.719107638782923;4080;0.26514976186624811;4080;8.8918729209265415;4080;8.999908444471572
4090;116.92251350444045;4090;70.180364391003152;4090;11.816766869106113;4090;0.265426562688794;4090;8.896145512253181;4090;8.999908444471572
4100;117.03238013855403;4100;70.241401409955145;4100;11.75572985015412;4100;0.26570336351133989;4100;8.8909573656422616;4100;8.999908444471572
4110;117.04458754234443;4110;70.241401409955145;4110;11.682485427411724;4110;0.26601970730853514;4110;8.8924832911160614;4110;8.999908444471572
4120;117.17886898403881;4120;70.143742179631957;4120;11.767937253944519;4120;0.26629650813108097;4120;8.8885158848841819;4120;8.999908444471572
4130;117.17886898403881;4130;70.278023621326341;4130;11.841181676686912;4130;0.26649422300432807;4130;8.8946195867793811;4130;8.999908444471572
4140;117.14224677266762;4140;70.424512466811123;4140;11.804559465315714;4140;0.26673148085222453;4140;8.8900418103579817;4140;8.999908444471572
4150;117.03238013855403;4150;70.36347544785913;4150;11.780144657734917;4150;0.26712691059871863;4150;8.8918729209265415;4150;8.999908444471572
4160;116.77602465895565;4160;70.265816217535942;4160;11.706900234992524;4160;0.26744325439591388;4160;8.90346995452742;4160;8.999908444471572
4170;116.99575792718284;4170;70.400097659230326;4170;11.670278023621325;4170;0.26772005521845976;4170;8.895535142063661;4170;8.999908444471572
4180;117.11783196508682;4180;70.216986602374348;4180;11.694692831202126;4180;0.26795731306635623;4180;8.8534195989867861;4180;8.999908444471572
4190;117.19107638782921;4190;69.99725333414716;4190;11.719107638782923;4190;0.26823411388890206;4190;8.8399914548173459;4190;8.999908444471572
4200;117.05679494613483;4200;70.046082949308754;4200;11.609241004669332;4200;0.26851091471144795;4200;8.8769188512833033;4200;8.999908444471572
4210;117.20328379161961;4210;69.948423718985566;4210;11.584826197088534;4210;0.26866908661004557;4210;8.8647114474929047;4210;8.999908444471572
4220;117.23990600299081;4220;69.948423718985566;4220;11.645863216040528;4220;0.26894588743259157;4220;8.8424329355754256;4220;8.999908444471572
4230;117.20328379161961;4230;69.850764488662378;4230;11.658070619830927;4230;0.26926223122978682;4230;8.8537247840815461;4230;8.999908444471572
4240;117.11783196508682;4240;69.826349681081581;4240;11.706900234992524;4240;0.26957857502698213;4240;8.8811914426099428;4240;8.999908444471572
4250;117.10562456129642;4250;69.948423718985566;4250;11.767937253944519;4250;0.26981583287487854;4250;8.8659321878719446;4250;8.999908444471572
4260;117.25211340678121;4260;69.936216315195168;4260;11.682485427411724;4260;0.27001354774812564;4260;8.854335154271066;4260;8.999908444471572
4270;116.94692831202124;4270;69.887386700033574;4270;11.633655812250129;4270;0.2702508055960221;4270;8.8747825556199835;4270;8.999908444471572
4280;117.09341715750602;4280;69.899594103823972;4280;11.645863216040528;4280;0.27056714939321735;4280;8.8796655171361429;4280;8.999908444471572
4290;116.99575792718284;4290;69.838557084871979;4290;11.682485427411724;4290;0.27084395021576324;4290;8.8732566301461837;4290;8.999908444471572
4300;117.19107638782921;4300;69.936216315195168;4300;11.804559465315714;4300;0.27112075103830907;4300;8.8659321878719446;4300;8.999908444471572
4310;117.11783196508682;4310;69.960631122775965;4310;11.865596484267709;4310;0.27135800888620554;4310;8.8799707022309029;4310;8.999908444471572
4320;117.276528214362;4320;69.985045930356762;4320;11.792352061525316;4320;0.27151618078480327;4320;8.8720358897671439;4320;8.999908444471572
4330;117.39860225226599;4330;70.021668141727957;4330;11.743522446363722;4330;0.27183252458199858;4330;8.8662373729667046;4330;8.999908444471572
4340;117.276528214362;4340;70.021668141727957;4340;11.682485427411724;4340;0.27214886837919383;4340;8.8671529282509844;4340;8.999908444471572
4350;117.11783196508682;4350;70.107119968260747;4350;11.767937253944519;4350;0.27242566920173972;4350;8.8753929258095035;4350;8.999908444471572
4360;117.10562456129642;4360;69.960631122775965;4360;11.743522446363722;4360;0.2727024700242856;4360;8.870815149388104;4360;8.999908444471572
4370;117.23990600299081;4370;69.99725333414716;4370;11.658070619830927;4370;0.27305835679613027;4370;8.8644062623981448;4370;8.999908444471572
4380;117.00796533097324;4380;70.08270516067995;4380;11.633655812250129;4380;0.27333515761867616;4380;8.8796655171361429;4380;8.999908444471572
4390;117.21549119541001;4390;70.11932737205116;4390;11.584826197088534;4390;0.27345378654262437;4390;8.878749961851863;4390;8.999908444471572
4400;117.14224677266762;4400;70.20477919858395;4400;11.560411389507737;4400;0.27369104439052078;4400;8.8741721854304636;4400;8.999908444471572
4410;117.11783196508682;4410;70.131534775841558;4410;11.597033600878934;4410;0.27400738818771608;4410;8.8692892239143042;4410;8.999908444471572
4420;117.10562456129642;4420;69.985045930356762;4420;11.633655812250129;4420;0.27428418901026197;4420;8.8879055146946619;4420;8.999908444471572
4430;117.19107638782921;4430;69.875179296243175;4430;11.694692831202126;4430;0.27452144685815838;4430;8.8824121829889826;4430;8.999908444471572
4440;117.3131504257332;4440;69.887386700033574;4440;11.767937253944519;4440;0.27483779065535369;4440;8.8729514450514237;4440;8.999908444471572
4450;117.10562456129642;4450;69.936216315195168;4450;11.706900234992524;4450;0.27503550552860073;4450;8.8799707022309029;4450;8.999908444471572
4460;117.11783196508682;4460;69.99725333414716;4460;11.719107638782923;4460;0.27531230635114662;4460;8.8909573656422616;4460;8.999908444471572
4470;117.14224677266762;4470;70.20477919858395;4470;11.792352061525316;4470;0.27558910717369245;4470;8.8851588488418223;4470;8.999908444471572
4480;117.09341715750602;4480;70.168156987212754;4480;11.767937253944519;4480;0.27590545097088776;4480;8.8741721854304636;4480;8.999908444471572
4490;116.84926908169805;4490;69.887386700033574;4490;11.767937253944519;4490;0.27614270881878417;4490;8.895840327158421;4490;8.999908444471572
4500;117.09341715750602;4500;69.838557084871979;4500;11.877803888058107;4500;0.27641950964133005;4500;8.8912625507370215;4500;8.999908444471572
4510;117.10562456129642;4510;69.899594103823972;4510;11.877803888058107;4510;0.27673585343852547;4510;8.879360332041383;4510;8.999908444471572
4520;117.08120975371563;4520;69.899594103823972;4520;11.816766869106113;4520;0.27697311128642194;4520;8.8775292214728232;4520;8.999908444471572
4530;117.03238013855403;4530;69.924008911404769;4530;11.780144657734917;4530;0.27728945508361719;4530;8.89767143772698;4530;8.999908444471572
4540;117.05679494613483;4540;69.972838526566363;4540;11.780144657734917;4540;0.27752671293151365;4540;8.8906521805475016;4540;8.999908444471572
4550;117.10562456129642;4550;69.862971892452777;4550;11.792352061525316;4550;0.27788259970335832;4550;8.8784447767571031;4550;8.999908444471572
4560;116.93472090823084;4560;69.71648304696798;4560;11.767937253944519;4560;0.27819894350055363;4560;8.8860744041261022;4560;8.999908444471572
4570;116.95913571581164;4570;69.862971892452777;4570;11.792352061525316;4570;0.27847574432309952;4570;8.89950254829554;4570;8.999908444471572
4580;116.82485427411726;4580;69.850764488662378;4580;11.682485427411724;4580;0.27871300217099593;4580;8.887600329599902;4580;8.999908444471572
4590;116.99575792718284;4590;69.826349681081581;4590;11.75572985015412;4590;0.27898980299354176;4590;8.8750877407147435;4590;8.999908444471572
4600;116.83706167790766;4600;69.789727469710385;4600;11.841181676686912;4600;0.27930614679073712;4600;8.89706106753746;4600;8.999908444471572
4610;117.02017273476363;4610;69.679860835596784;4610;11.85338908047731;4610;0.27962249058793237;4610;8.8930936613055813;4610;8.999908444471572
4620;117.08120975371563;4620;69.704275643177581;4620;11.85338908047731;4620;0.27978066248653;4620;8.8784447767571031;4620;8.999908444471572
4630;116.86147648548845;4630;69.71648304696798;4630;11.816766869106113;4630;0.28005746330907583;4630;8.8811914426099428;4630;8.999908444471572
4640;116.89809869685965;4640;69.789727469710385;4640;11.804559465315714;4640;0.28033426413162171;4640;8.90041810357982;4640;8.999908444471572
4650;116.99575792718284;4650;69.801934873500784;4650;11.743522446363722;4650;0.28057152197951818;4650;8.8912625507370215;4650;8.999908444471572
4660;117.22769859920041;4660;69.740897854548791;4660;11.85338908047731;4660;0.28096695172601227;4660;8.8818018127994627;4660;8.999908444471572
4670;116.86147648548845;4670;69.667653431806386;4670;11.85338908047731;4670;0.28120420957390874;4670;8.8885158848841819;4670;8.999908444471572
4680;116.84926908169805;4680;69.643238624225589;4680;11.85338908047731;4680;0.2814414674218052;4680;8.8894314401684618;4680;8.999908444471572
4690;117.03238013855403;4690;69.5822016052736;4690;11.877803888058107;4690;0.28167872526970172;4690;8.8827173680837426;4690;8.999908444471572
4700;117.14224677266762;4700;69.643238624225589;4700;11.792352061525316;4700;0.28199506906689703;4700;8.8763084810937833;4700;8.999908444471572
4710;116.93472090823084;4710;69.655446028015987;4710;11.804559465315714;4710;0.2822323269147935;4710;8.8909573656422616;4710;8.999908444471572
4720;116.94692831202124;4720;69.594409009064;4720;11.890011291848506;4720;0.28250912773733938;4720;8.8854640339365822;4720;8.999908444471572
4730;117.05679494613483;4730;69.75310525833919;4730;11.9510483108005;4730;0.28278592855988521;4730;8.8796655171361429;4730;8.999908444471572
4740;117.17886898403881;4740;69.777520065919987;4740;11.877803888058107;4740;0.2830627293824311;4740;8.8796655171361429;4740;8.999908444471572
4750;117.09341715750602;4750;69.5822016052736;4750;11.804559465315714;4750;0.28337907317962641;4750;8.8894314401684618;4750;8.999908444471572
4760;116.95913571581164;4760;69.5211645863216;4760;11.816766869106113;4760;0.2835767880528734;4760;8.8842432935575424;4760;8.999908444471572
4770;117.05679494613483;4770;69.5699942014832;4770;11.85338908047731;4770;0.28385358887541928;4770;8.8802758873256629;4770;8.999908444471572
4780;116.99575792718284;4780;69.6066164128544;4780;11.85338908047731;4780;0.28409084672331586;4780;8.8866847743156221;4780;8.999908444471572
4790;117.13003936887722;4790;69.740897854548791;4790;11.75572985015412;4790;0.28440719052051117;4790;8.8845484786523024;4790;8.999908444471572
4800;117.04458754234443;4800;69.765312662129588;4800;11.767937253944519;4800;0.284683991343057;4800;8.8845484786523024;4800;8.999908444471572
4810;117.14224677266762;4810;69.71648304696798;4810;11.902218695638904;4810;0.28492124919095346;4810;8.8784447767571031;4810;8.999908444471572
4820;117.03238013855403;4820;69.679860835596784;4820;11.902218695638904;4820;0.28523759298814877;4820;8.8866847743156221;4820;8.999908444471572
4830;117.04458754234443;4830;69.643238624225589;4830;11.902218695638904;4830;0.28547485083604518;4830;8.8811914426099428;4830;8.999908444471572
4840;117.04458754234443;4840;69.6066164128544;4840;11.890011291848506;4840;0.28575165165859107;4840;8.8802758873256629;4840;8.999908444471572
4850;117.05679494613483;4850;69.6066164128544;4850;11.85338908047731;4850;0.28598890950648748;4850;8.879360332041383;4850;8.999908444471572
4860;117.20328379161961;4860;69.5699942014832;4860;11.890011291848506;4860;0.2863447962783322;4860;8.8833277382732625;4860;8.999908444471572
4870;117.14224677266762;4870;69.5089571825312;4870;11.890011291848506;4870;0.28658205412622867;4870;8.8811914426099428;4870;8.999908444471572
4880;117.22769859920041;4880;69.594409009064;4880;11.877803888058107;4880;0.28681931197412508;4880;8.8796655171361429;4880;8.999908444471572
4890;116.99575792718284;4890;69.594409009064;4890;11.865596484267709;4890;0.28713565577132039;4890;8.8894314401684618;4890;8.999908444471572
4900;117.11783196508682;4900;69.5577867976928;4900;11.902218695638904;4900;0.28749154254316506;4900;8.8879055146946619;4900;8.999908444471572
4910;117.14224677266762;4910;69.484542374950408;4910;11.914426099429303;4910;0.28780788634036036;4910;8.8897366252632217;4910;8.999908444471572
4920;117.11783196508682;4920;69.484542374950408;4920;11.914426099429303;4920;0.28800560121360741;4920;8.8845484786523024;4920;8.999908444471572
4930;117.13003936887722;4930;69.423505355998415;4930;11.938840907010102;4930;0.28828240203615324;4930;8.8903469954527417;4930;8.999908444471572
4940;117.19107638782921;4940;69.435712759788814;4940;11.9510483108005;4940;0.28851965988404971;4940;8.8857692190313422;4940;8.999908444471572
4950;117.13003936887722;4950;69.5211645863216;4950;11.9510483108005;4950;0.28875691773194623;4950;8.8848536637470623;4950;8.999908444471572
4960;117.03238013855403;4960;69.5577867976928;4960;11.9510483108005;4960;0.28895463260519322;4960;8.8821069978942226;4960;8.999908444471572
4970;117.04458754234443;4970;69.6066164128544;4970;12.04870754112369;4970;0.28935006235168742;4970;8.8836329233680225;4970;8.999908444471572
4980;116.97134311960204;4980;69.5455793939024;4980;12.036500137333292;4980;0.28958732019958389;4980;8.8833277382732625;4980;8.999908444471572
4990;117.15445417645802;4990;69.374675740836821;4990;11.890011291848506;4990;0.28990366399677914;4990;8.8799707022309029;4990;8.999908444471572
5000;116.93472090823084;5000;69.362468337046423;5000;11.841181676686912;5000;0.29022000779397444;5000;8.8897366252632217;5000;8.999908444471572
5010;116.99575792718284;5010;69.399090548417618;5010;11.902218695638904;5010;0.29053635159116975;5010;8.8854640339365822;5010;8.999908444471572
5020;117.09341715750602;5020;69.374675740836821;5020;11.890011291848506;5020;0.29081315241371558;5020;8.887600329599902;5020;8.999908444471572
5030;117.09341715750602;5030;69.338053529465626;5030;11.975463118381297;5030;0.29101086728696263;5030;8.8830225531785025;5030;8.999908444471572
EOF
