Name;YT Scope Project;;;;;;;;;;
File;C:\Users\Tobno\Desktop\Kv Tester\MainNed150bar\-55prosent.csv;;;;;;;;;;
Starttime of export;1,34212E+17;tirsdag 21. april 2026;11:52:58.569;;;;;;;;
Endtime of export;1,34212E+17;tirsdag 21. april 2026;11:53:08.809;;;;;;;;
;;;;;;;;;;;
;;;;;;;;;;;
Name;fPresSupply_bar (1);Name;fPres2A_bar;Name;fPres2B_bar;Name;fCylinder2_m;Name;fSensor2_V;Name;fValve2_V
;;;;;;;;;;;
2320;145.85406048768579;2320;23.267311624500259;2320;89.358195745719783;2320;0.51767119797738437;2320;2.3621326334421826;2320;2.250129703665273
2330;146.00054933317057;2330;23.279519028290657;2330;89.455854976042971;2330;0.51739439715483848;2330;2.3557237464522234;2330;2.250129703665273
2340;146.00054933317057;2340;23.328348643452252;2340;89.614551225318152;2340;0.51707805335764323;2340;2.3395489364299449;2340;2.250129703665273
2350;146.02496414075136;2350;23.377178258613846;2350;89.358195745719783;2350;0.51688033848439618;2350;2.3538926358836636;2350;2.250129703665273
2360;145.7564012573626;2360;23.438215277565845;2360;89.138462477492581;2360;0.51648490873790209;2360;2.3593859675893429;2360;2.250129703665273
2370;145.89068269905698;2370;23.462630085146643;2370;89.236121707815769;2370;0.516287193864655;2370;2.3499252296517841;2370;2.250129703665273
2380;145.96392712179937;2380;23.450422681356244;2380;89.175084688863777;2380;0.51604993601675864;2380;2.3374126407666247;2380;2.250129703665273
2390;146.11041596728415;2390;23.560289315469834;2390;88.918729209265408;2390;0.51581267816886212;2390;2.3603015228736228;2390;2.250129703665273
2400;145.91509750663778;2400;23.535874507889037;2400;88.613544114505444;2400;0.51545679139701728;2400;2.359080782494583;2400;2.250129703665273
2410;145.91509750663778;2410;23.657948545793023;2410;88.454847865230263;2410;0.5151799905744715;2410;2.346873378704184;2410;2.250129703665273
2420;145.95171971800897;2420;23.657948545793023;2420;88.418225653859068;2420;0.51498227570122446;2420;2.3480941190832239;2420;2.250129703665273
2430;146.01275673696097;2430;23.645741142002624;2430;88.222907193212691;2430;0.51474501785332794;2430;2.3633533738212225;2430;2.250129703665273
2440;146.00054933317057;2440;23.682363353373823;2440;88.1252479628895;2440;0.51442867405613268;2440;2.358470412305063;2440;2.250129703665273
2450;145.7319864497818;2450;23.59691152684103;2450;87.978759117404721;2450;0.5141518732335868;2450;2.3416852320932646;2450;2.250129703665273
2460;145.92730491042818;2460;23.682363353373823;2460;87.832270271919938;2460;0.51403324430963859;2460;2.3572496719260232;2460;2.250129703665273
2470;145.81743827631459;2470;23.902096621601;2470;87.612537003692736;2470;0.51371690051244334;2470;2.3593859675893429;2470;2.250129703665273
2480;145.829645680105;2480;24.060792870876185;2480;87.551499984740744;2480;0.51340055671524809;2480;2.3514511551255839;2480;2.250129703665273
2490;145.80523087252419;2490;23.841059602649004;2490;87.636951811273534;2490;0.51316329886735157;2490;2.3419904171880246;2490;2.250129703665273
2500;145.86626789147618;2500;23.731192968535417;2500;87.50267036957915;2500;0.51292604101945516;2500;2.3618274483474226;2500;2.250129703665273
2510;145.85406048768579;2510;23.841059602649004;2510;87.453840754417556;2510;0.51257015424761043;2510;2.3578600421155431;2510;2.250129703665273
2520;145.68315683462018;2520;23.841059602649004;2520;87.380596331675164;2520;0.51225381045041518;2520;2.3441267128513443;2520;2.250129703665273
2530;145.768608661153;2530;23.853267006439403;2530;87.368388927884766;2530;0.5119770096278693;2530;2.3499252296517841;2530;2.250129703665273
2540;145.707571642201;2540;23.902096621601;2540;87.429425946836758;2540;0.51173975177997288;2540;2.3621326334421826;2540;2.250129703665273
2550;145.585497604297;2550;23.975341044343395;2550;87.453840754417556;2550;0.51162112285602468;2550;2.3566393017365033;2550;2.250129703665273
2560;145.42680135502181;2560;23.950926236762594;2560;87.600329599902338;2560;0.51122569310953048;2560;2.3395489364299449;2560;2.250129703665273
2570;145.56108279671619;2570;23.950926236762594;2570;87.759025849177547;2570;0.5109488922869847;2570;2.3578600421155431;2570;2.250129703665273
2580;145.524460585345;2580;23.975341044343395;2580;87.746818445387149;2580;0.5106720914644387;2580;2.3593859675893429;2580;2.250129703665273
2590;145.585497604297;2590;23.877681814020203;2590;87.759025849177547;2590;0.51035574766724334;2590;2.3499252296517841;2590;2.250129703665273
2600;145.63432721945858;2600;23.828852198858606;2600;87.856685079500735;2600;0.51003940387004809;2600;2.3435163426618244;2600;2.250129703665273
2610;145.65874202703938;2610;23.804437391277808;2610;87.832270271919938;2610;0.50976260304750232;2610;2.3624378185369426;2610;2.250129703665273
2620;145.63432721945858;2620;23.853267006439403;2620;88.027588732566315;2620;0.50948580222495632;2620;2.3575548570207832;2620;2.250129703665273
2630;145.4756309701834;2630;23.8898892178106;2630;88.296151615955083;2630;0.50920900140241054;2630;2.3413800469985047;2630;2.250129703665273
2640;145.54887539292579;2640;23.841059602649004;2640;88.332773827326278;2640;0.50901128652916339;2640;2.3517563402203439;2640;2.250129703665273
2650;145.5366679891354;2650;23.853267006439403;2650;88.271736808374285;2650;0.50873448570661761;2650;2.3621326334421826;2650;2.250129703665273
2660;145.585497604297;2660;23.743400372325816;2660;88.418225653859068;2660;0.50853677083337057;2660;2.3566393017365033;2660;2.250129703665273
2670;145.5000457777642;2670;23.523667104098639;2670;88.552507095553452;2670;0.50829951298547416;2670;2.3404644917142248;2670;2.250129703665273
2680;145.63432721945858;2680;23.560289315469834;2680;88.467055269020662;2680;0.50798316918827879;2680;2.3593859675893429;2680;2.250129703665273
2690;145.57329020050659;2690;23.560289315469834;2690;88.381603442487872;2690;0.50762728241643418;2690;2.3593859675893429;2690;2.250129703665273
2700;145.67094943082978;2700;23.499252296517842;2700;88.332773827326278;2700;0.50742956754318713;2700;2.3490096743675042;2700;2.250129703665273
2710;145.79302346873379;2710;23.572496719260233;2710;88.406018250068669;2710;0.50719230969529061;2710;2.3456526383251441;2710;2.250129703665273
2720;145.7441938535722;2720;23.572496719260233;2720;88.357188634907075;2720;0.50687596589809536;2720;2.3609118930631428;2720;2.250129703665273
2730;145.68315683462018;2730;23.731192968535417;2730;88.296151615955083;2730;0.506638708050199;2730;2.3557237464522234;2730;2.250129703665273
2740;145.54887539292579;2740;23.79222998748741;2740;88.369396038697474;2740;0.50632236425300359;2740;2.3395489364299449;2740;2.250129703665273
2750;145.7319864497818;2750;23.645741142002624;2750;88.430433057649466;2750;0.5060455634304577;2750;2.3532822656941437;2750;2.250129703665273
2760;145.585497604297;2760;23.718985564745019;2760;88.296151615955083;2760;0.50565013368396372;2760;2.3596911526841029;2760;2.250129703665273
2770;145.60991241187779;2770;23.755607776116214;2770;88.1618701742607;2770;0.50537333286141761;2770;2.3529770805993837;2770;2.250129703665273
2780;145.67094943082978;2780;23.718985564745019;2780;88.1496627704703;2780;0.5051360750135212;2780;2.3395489364299449;2780;2.250129703665273
2790;145.7319864497818;2790;23.804437391277808;2790;88.003173924985518;2790;0.50489881716562479;2790;2.3596911526841029;2790;2.250129703665273
2800;145.57329020050659;2800;23.938718832972196;2800;87.881099887081533;2800;0.50458247336842943;2800;2.3596911526841029;2800;2.250129703665273
2810;145.5000457777642;2810;23.8898892178106;2810;87.783440656758344;2810;0.504345215520533;2810;2.3490096743675042;2810;2.250129703665273
2820;145.62211981566819;2820;23.755607776116214;2820;87.649159215063932;2820;0.50406841469798713;2820;2.3496200445570241;2820;2.250129703665273
2830;145.60991241187779;2830;23.804437391277808;2830;87.612537003692736;2830;0.50379161387544136;2830;2.3621326334421826;2830;2.250129703665273
2840;145.4878383739738;2840;23.8898892178106;2840;87.527085177159947;2840;0.50355435602754484;2840;2.358470412305063;2840;2.250129703665273
2850;145.36576433606982;2850;23.816644795068207;2850;87.356181524094367;2850;0.50315892628105074;2850;2.3422956022827846;2850;2.250129703665273
2860;145.585497604297;2860;23.999755851924192;2860;87.185277871028759;2860;0.50292166843315422;2860;2.3566393017365033;2860;2.250129703665273
2870;145.54887539292579;2870;24.060792870876185;2870;87.160863063447962;2870;0.50272395355990718;2870;2.358470412305063;2870;2.250129703665273
2880;145.64653462324898;2880;23.8898892178106;2880;87.185277871028759;2880;0.50248669571201077;2880;2.3532822656941437;2880;2.250129703665273
2890;145.62211981566819;2890;23.841059602649004;2890;87.075411236915173;2890;0.50224943786411425;2890;2.3453474532303842;2890;2.250129703665273
2900;145.64653462324898;2900;23.975341044343395;2900;86.989959410382383;2900;0.50197263704156847;2900;2.3606067079683828;2900;2.250129703665273
2910;145.54887539292579;2910;24.036378063295388;2910;87.026581621753579;2910;0.501735379193672;2910;2.3569444868312632;2910;2.250129703665273
2920;145.45121616260261;2920;23.9143040253914;2920;86.977752006591984;2920;0.5014190353964767;2920;2.3453474532303842;2920;2.250129703665273
2930;145.463423566393;2930;23.902096621601;2930;86.8800927762688;2930;0.50118177754858029;2930;2.350840784936064;2930;2.250129703665273
2940;145.34134952848902;2940;23.9143040253914;2940;86.8800927762688;2940;0.500865433751385;2940;2.3603015228736228;2940;2.250129703665273
2950;145.34134952848902;2950;23.828852198858606;2950;86.989959410382383;2950;0.50054908995418979;2950;2.3545030060731835;2950;2.250129703665273
2960;145.10940885647145;2960;23.731192968535417;2960;87.038789025543977;2960;0.5002327461569942;2960;2.338938566240425;2960;2.250129703665273
2970;145.30472731711782;2970;23.718985564745019;2970;87.050996429334376;2970;0.50003503128374716;2970;2.3569444868312632;2970;2.250129703665273
2980;145.35355693227942;2980;23.657948545793023;2980;87.063203833124774;2980;0.4997186874865519;2980;2.3569444868312632;2980;2.250129703665273
2990;145.37797173986021;2990;23.657948545793023;2990;87.075411236915173;2990;0.49936280071470718;2990;2.3480941190832239;2990;2.250129703665273
3000;145.32914212469862;3000;23.633533738212225;3000;87.221900082399955;3000;0.49912554286681071;3000;2.3441267128513443;3000;2.250129703665273
3010;145.42680135502181;3010;23.621326334421827;3010;87.307351908932773;3010;0.49892782799356372;3010;2.3624378185369426;3010;2.250129703665273
3020;145.4878383739738;3020;23.743400372325816;3020;87.41721854304636;3020;0.49865102717101778;3020;2.3563341166417433;3020;2.250129703665273
3030;145.25589770195623;3030;23.79222998748741;3030;87.600329599902338;3030;0.49833468337382253;3030;2.3398541215247048;3030;2.250129703665273
3040;145.45121616260261;3040;23.731192968535417;3040;87.624744407483135;3040;0.49809742552592612;3040;2.3514511551255839;3040;2.250129703665273
3050;145.4756309701834;3050;23.645741142002624;3050;87.612537003692736;3050;0.49778108172873081;3050;2.3596911526841029;3050;2.250129703665273
3060;145.402386547441;3060;23.743400372325816;3060;87.710196234015953;3060;0.49750428090618493;3060;2.3551133762627035;3060;2.250129703665273
3070;145.32914212469862;3070;23.645741142002624;3070;87.710196234015953;3070;0.4972274800836391;3070;2.3416852320932646;3070;2.250129703665273
3080;145.5366679891354;3080;23.572496719260233;3080;87.783440656758344;3080;0.497029765210392;3080;2.3575548570207832;3080;2.250129703665273
3090;145.463423566393;3090;23.59691152684103;3090;87.978759117404721;3090;0.49675296438784616;3090;2.3557237464522234;3090;2.250129703665273
3100;145.4756309701834;3100;23.560289315469834;3100;87.917722098452728;3100;0.49643662059065091;3100;2.3490096743675042;3100;2.250129703665273
3110;145.56108279671619;3110;23.572496719260233;3110;87.856685079500735;3110;0.49619936274275439;3110;2.3493148594622641;3110;2.250129703665273
3120;145.57329020050659;3120;23.548081911679436;3120;87.82006286812954;3120;0.49588301894555914;3120;2.3627430036317025;3120;2.250129703665273
3130;145.63432721945858;3130;23.59691152684103;3130;87.90551469466233;3130;0.49572484704696151;3130;2.3563341166417433;3130;2.250129703665273
3140;145.57329020050659;3140;23.572496719260233;3140;87.978759117404721;3140;0.49532941730046726;3140;2.3392437513351849;3140;2.250129703665273
3150;145.7564012573626;3150;23.523667104098639;3150;87.929929502243127;3150;0.49509215945257085;3150;2.3541978209784236;3150;2.250129703665273
3160;145.57329020050659;3160;23.499252296517842;3160;87.917722098452728;3160;0.49481535863002496;3160;2.3596911526841029;3160;2.250129703665273
3170;145.585497604297;3170;23.548081911679436;3170;87.954344309823924;3170;0.49449901483282965;3170;2.3520615253151038;3170;2.250129703665273
3180;145.63432721945858;3180;23.621326334421827;3180;88.003173924985518;3180;0.49422221401028382;3180;2.3404644917142248;3180;2.250129703665273
3190;145.65874202703938;3190;23.718985564745019;3190;87.917722098452728;3190;0.493945413187738;3190;2.3603015228736228;3190;2.250129703665273
3200;145.60991241187779;3200;23.657948545793023;3200;87.881099887081533;3200;0.49366861236519205;3200;2.3578600421155431;3200;2.250129703665273
3210;145.65874202703938;3210;23.572496719260233;3210;87.82006286812954;3210;0.49339181154264622;3210;2.3459578234199041;3210;2.250129703665273
3220;145.7441938535722;3220;23.633533738212225;3220;87.722403637806352;3220;0.49311501072010039;3220;2.3490096743675042;3220;2.250129703665273
3230;145.65874202703938;3230;23.682363353373823;3230;87.624744407483135;3230;0.49275912394825566;3230;2.3618274483474226;3230;2.250129703665273
3240;145.68315683462018;3240;23.657948545793023;3240;87.661366618854331;3240;0.4925218661003592;3240;2.3569444868312632;3240;2.250129703665273
3250;145.5000457777642;3250;23.682363353373823;3250;87.685781426435128;3250;0.49228460825246279;3250;2.3407696768089847;3250;2.250129703665273
3260;145.7441938535722;3260;23.70677816095462;3260;87.612537003692736;3260;0.49204735040456626;3260;2.3572496719260232;3260;2.250129703665273
3270;145.707571642201;3270;23.718985564745019;3270;87.563707388531142;3270;0.491731006607371;3270;2.3596911526841029;3270;2.250129703665273
3280;145.67094943082978;3280;23.621326334421827;3280;87.600329599902338;3280;0.49145420578482518;3280;2.3517563402203439;3280;2.250129703665273
3290;145.67094943082978;3290;23.535874507889037;3290;87.575914792321541;3290;0.49121694793692866;3290;2.3426007873775445;3290;2.250129703665273
3300;145.63432721945858;3300;23.560289315469834;3300;87.50267036957915;3300;0.49105877603833104;3300;2.3599963377788629;3300;2.250129703665273
3310;145.57329020050659;3310;23.572496719260233;3310;87.527085177159947;3310;0.49074243224113578;3310;2.3575548570207832;3310;2.250129703665273
3320;145.57329020050659;3320;23.633533738212225;3320;87.563707388531142;3320;0.49038654546929117;3320;2.346568193609424;3320;2.250129703665273
3330;145.60991241187779;3330;23.609118930631428;3330;87.563707388531142;3330;0.49014928762139459;3330;2.3523667104098638;3330;2.250129703665273
3340;145.5366679891354;3340;23.535874507889037;3340;87.429425946836758;3340;0.48995157274814749;3340;2.3603015228736228;3340;2.250129703665273
3350;145.62211981566819;3350;23.548081911679436;3350;87.478255561998353;3350;0.4896747719256016;3350;2.3551133762627035;3350;2.250129703665273
3360;145.524460585345;3360;23.51145970030824;3360;87.624744407483135;3360;0.4893584281284063;3360;2.3380230109561446;3360;2.250129703665273
3370;145.60991241187779;3370;23.560289315469834;3370;87.600329599902338;3370;0.48916071325515936;3370;2.3557237464522234;3370;2.250129703665273
3380;145.5000457777642;3380;23.59691152684103;3380;87.612537003692736;3380;0.48884436945796406;3380;2.3575548570207832;3380;2.250129703665273
3390;145.65874202703938;3390;23.609118930631428;3390;87.722403637806352;3390;0.48852802566076881;3390;2.3490096743675042;3390;2.250129703665273
3400;145.64653462324898;3400;23.70677816095462;3400;87.844477675710337;3400;0.48825122483822286;3400;2.3447370830408643;3400;2.250129703665273
3410;145.57329020050659;3410;23.718985564745019;3410;87.82006286812954;3410;0.48801396699032645;3410;2.3621326334421826;3410;2.250129703665273
3420;145.62211981566819;3420;23.609118930631428;3420;87.881099887081533;3420;0.4876976231931312;3420;2.3578600421155431;3420;2.250129703665273
3430;145.54887539292579;3430;23.59691152684103;3430;87.966551713614322;3430;0.48742082237058526;3430;2.3441267128513443;3430;2.250129703665273
3440;145.63432721945858;3440;23.609118930631428;3440;88.1008331553087;3440;0.48714402154803943;3440;2.3545030060731835;3440;2.250129703665273
3450;145.56108279671619;3450;23.499252296517842;3450;88.1008331553087;3450;0.4867881347761947;3450;2.3603015228736228;3450;2.250129703665273
3460;145.57329020050659;3460;23.51145970030824;3460;88.1008331553087;3460;0.48651133395364887;3460;2.3563341166417433;3460;2.250129703665273
3470;145.65874202703938;3470;23.51145970030824;3470;88.1008331553087;3470;0.48627407610575241;3470;2.3435163426618244;3470;2.250129703665273
3480;145.86626789147618;3480;23.572496719260233;3480;88.06421094393751;3480;0.48607636123250542;3480;2.359080782494583;3480;2.250129703665273
3490;145.7319864497818;3490;23.621326334421827;3490;88.210699789422293;3490;0.48579956040995947;3490;2.3569444868312632;3490;2.250129703665273
3500;145.768608661153;3500;23.70677816095462;3500;88.222907193212691;3500;0.48548321661276422;3500;2.3490096743675042;3500;2.250129703665273
3510;145.85406048768579;3510;23.718985564745019;3510;88.271736808374285;3510;0.48520641579021812;3510;2.347178563798944;3510;2.250129703665273
3520;145.81743827631459;3520;23.535874507889037;3520;88.23511459700309;3520;0.48500870091697107;3520;2.3593859675893429;3520;2.250129703665273
3530;145.7319864497818;3530;23.560289315469834;3530;88.247322000793488;3530;0.48473190009442524;3530;2.3563341166417433;3530;2.250129703665273
3540;145.60991241187779;3540;23.474837488937041;3540;88.308359019745481;3540;0.48445509927187935;3540;2.3422956022827846;3540;2.250129703665273
3550;145.86626789147618;3550;23.474837488937041;3550;88.247322000793488;3550;0.48421784142398289;3550;2.3523667104098638;3550;2.250129703665273
3560;145.707571642201;3560;23.609118930631428;3560;88.1374553666799;3560;0.48390149762678764;3560;2.3538926358836636;3560;2.250129703665273
3570;145.707571642201;3570;23.572496719260233;3570;88.1618701742607;3570;0.48366423977889111;3570;2.3545030060731835;3570;2.250129703665273
3580;145.79302346873379;3580;23.523667104098639;3580;88.23511459700309;3580;0.48334789598169586;3580;2.3474837488937039;3580;2.250129703665273
3590;145.80523087252419;3590;23.499252296517842;3590;88.052003540147112;3590;0.48311063813379945;3590;2.3599963377788629;3590;2.250129703665273
3600;145.68315683462018;3600;23.535874507889037;3600;88.015381328775916;3600;0.48283383731125362;3600;2.3557237464522234;3600;2.250129703665273
3610;145.67094943082978;3610;23.548081911679436;3610;88.1008331553087;3610;0.48251749351405826;3610;2.3474837488937039;3610;2.250129703665273
3620;145.7319864497818;3620;23.59691152684103;3620;88.1496627704703;3620;0.48228023566616185;3620;2.3496200445570241;3620;2.250129703665273
3630;145.62211981566819;3630;23.718985564745019;3630;88.1130405590991;3630;0.48196389186896654;3630;2.358470412305063;3630;2.250129703665273
3640;145.68315683462018;3640;23.853267006439403;3640;88.06421094393751;3640;0.48164754807177129;3640;2.3532822656941437;3640;2.250129703665273
3650;145.64653462324898;3650;23.755607776116214;3650;88.027588732566315;3650;0.48133120427457604;3650;2.3374126407666247;3650;2.250129703665273
3660;145.81743827631459;3660;23.694570757164222;3660;87.966551713614322;3660;0.48109394642667952;3660;2.3548081911679435;3660;2.250129703665273
3670;145.7319864497818;3670;23.731192968535417;3670;87.868892483291134;3670;0.48081714560413369;3670;2.3557237464522234;3670;2.250129703665273
3680;145.7564012573626;3680;23.70677816095462;3680;87.856685079500735;3680;0.48057988775623717;3680;2.346873378704184;3680;2.250129703665273
3690;145.7197790459914;3690;23.718985564745019;3690;87.917722098452728;3690;0.48030308693369134;3690;2.3392437513351849;3690;2.250129703665273
3700;145.768608661153;3700;23.780022583697011;3700;87.868892483291134;3700;0.48006582908579476;3700;2.358470412305063;3700;2.250129703665273
3710;145.707571642201;3710;23.657948545793023;3710;87.868892483291134;3710;0.47978902826324893;3710;2.3572496719260232;3710;2.250129703665273
3720;145.60991241187779;3720;23.535874507889037;3720;87.73461104159675;3720;0.47955177041535246;3720;2.3441267128513443;3720;2.250129703665273
3730;145.829645680105;3730;23.59691152684103;3730;87.685781426435128;3730;0.47935405554210536;3730;2.3514511551255839;3730;2.250129703665273
3740;145.80523087252419;3740;23.609118930631428;3740;87.685781426435128;3740;0.47911679769420895;3740;2.3599963377788629;3740;2.250129703665273
3750;145.80523087252419;3750;23.59691152684103;3750;87.673574022644729;3750;0.47887953984631249;3750;2.3557237464522234;3750;2.250129703665273
3760;145.585497604297;3760;23.560289315469834;3760;87.722403637806352;3760;0.47852365307446787;3760;2.3413800469985047;3760;2.250129703665273
3770;145.7319864497818;3770;23.462630085146643;3770;87.710196234015953;3770;0.47828639522657135;3770;2.3563341166417433;3770;2.250129703665273
3780;145.67094943082978;3780;23.413800469985048;3780;87.685781426435128;3780;0.47812822332797372;3780;2.3557237464522234;3780;2.250129703665273
3790;145.81743827631459;3790;23.548081911679436;3790;87.759025849177547;3790;0.47781187953077847;3790;2.350535599841304;3790;2.250129703665273
3800;145.707571642201;3800;23.657948545793023;3800;87.856685079500735;3800;0.47749553573358317;3800;2.347178563798944;3800;2.250129703665273
3810;145.64653462324898;3810;23.633533738212225;3810;87.783440656758344;3810;0.47721873491103728;3810;2.3606067079683828;3810;2.250129703665273
3820;145.67094943082978;3820;23.633533738212225;3820;87.771233252967946;3820;0.47694193408849139;3820;2.3575548570207832;3820;2.250129703665273
3830;145.62211981566819;3830;23.621326334421827;3830;87.832270271919938;3830;0.47658604731664672;3830;2.3459578234199041;3830;2.250129703665273
3840;145.7441938535722;3840;23.59691152684103;3840;87.881099887081533;3840;0.47638833244339973;3840;2.3563341166417433;3840;2.250129703665273
3850;145.63432721945858;3850;23.51145970030824;3850;87.82006286812954;3850;0.47607198864620448;3850;2.3572496719260232;3850;2.250129703665273
3860;145.7441938535722;3860;23.499252296517842;3860;87.881099887081533;3860;0.47579518782365854;3860;2.3526718955046237;3860;2.250129703665273
3870;145.67094943082978;3870;23.59691152684103;3870;88.003173924985518;3870;0.47555792997576213;3870;2.3422956022827846;3870;2.250129703665273
3880;145.829645680105;3880;23.633533738212225;3880;88.003173924985518;3880;0.47524158617856682;3880;2.358470412305063;3880;2.250129703665273
3890;145.7564012573626;3890;23.548081911679436;3890;87.917722098452728;3890;0.4750043283306703;3890;2.3569444868312632;3890;2.250129703665273
3900;145.67094943082978;3900;23.572496719260233;3900;87.90551469466233;3900;0.47476707048277378;3900;2.347178563798944;3900;2.250129703665273
3910;145.93951231421858;3910;23.560289315469834;3910;88.027588732566315;3910;0.47445072668557853;3910;2.3474837488937039;3910;2.250129703665273
3920;145.96392712179937;3920;23.657948545793023;3920;87.942136906033525;3920;0.474213468837682;3920;2.3609118930631428;3920;2.250129703665273
3930;145.707571642201;3930;23.780022583697011;3930;88.003173924985518;3930;0.474015753964435;3930;2.3563341166417433;3930;2.250129703665273
3940;145.60991241187779;3940;23.828852198858606;3940;88.076418347727909;3940;0.47365986719259034;3940;2.3419904171880246;3940;2.250129703665273
3950;145.7441938535722;3950;23.755607776116214;3950;88.039796136356713;3950;0.47346215231934324;3950;2.3563341166417433;3950;2.250129703665273
3960;145.524460585345;3960;23.609118930631428;3960;87.954344309823924;3960;0.47322489447144683;3960;2.3581652272103031;3960;2.250129703665273
3970;145.65874202703938;3970;23.633533738212225;3970;87.917722098452728;3970;0.47294809364890095;3970;2.3529770805993837;3970;2.250129703665273
3980;145.60991241187779;3980;23.633533738212225;3980;87.966551713614322;3980;0.47263174985170564;3980;2.3429059724723045;3980;2.250129703665273
3990;145.7197790459914;3990;23.70677816095462;3990;87.917722098452728;3990;0.47231540605451039;3990;2.3578600421155431;3990;2.250129703665273
4000;145.65874202703938;4000;23.645741142002624;4000;87.856685079500735;4000;0.47199906225731514;4000;2.3554185613574634;4000;2.250129703665273
4010;145.5366679891354;4010;23.535874507889037;4010;87.90551469466233;4010;0.47176180440941862;4010;2.347178563798944;4010;2.250129703665273
4020;145.68315683462018;4020;23.572496719260233;4020;87.929929502243127;4020;0.47152454656152221;4020;2.350840784936064;4020;2.250129703665273
4030;145.67094943082978;4030;23.694570757164222;4030;87.856685079500735;4030;0.47128728871362574;4030;2.3596911526841029;4030;2.250129703665273
4040;145.707571642201;4040;23.633533738212225;4040;87.929929502243127;4040;0.47097094491643043;4040;2.3578600421155431;4040;2.250129703665273
4050;145.4756309701834;4050;23.609118930631428;4050;87.929929502243127;4050;0.47065460111923518;4050;2.3453474532303842;4050;2.250129703665273
4060;145.60991241187779;4060;23.755607776116214;4060;87.844477675710337;4060;0.47049642922063756;4060;2.359080782494583;4060;2.250129703665273
4070;145.60991241187779;4070;23.70677816095462;4070;87.832270271919938;4070;0.47018008542344225;4070;2.3569444868312632;4070;2.250129703665273
4080;145.7441938535722;4080;23.70677816095462;4080;87.746818445387149;4080;0.46990328460089625;4080;2.3514511551255839;4080;2.250129703665273
4090;145.7319864497818;4090;23.755607776116214;4090;87.746818445387149;4090;0.46966602675299984;4090;2.3459578234199041;4090;2.250129703665273
4100;145.7441938535722;4100;23.70677816095462;4100;87.661366618854331;4100;0.469389225930454;4100;2.3599963377788629;4100;2.250129703665273
4110;145.7564012573626;4110;23.621326334421827;4110;87.722403637806352;4110;0.46907288213325876;4110;2.3569444868312632;4110;2.250129703665273
4120;145.79302346873379;4120;23.621326334421827;4120;87.746818445387149;4120;0.46871699536141403;4120;2.3450422681356242;4120;2.250129703665273
4130;145.84185308389539;4130;23.633533738212225;4130;87.624744407483135;4130;0.46840065156421878;4130;2.3514511551255839;4130;2.250129703665273
4140;145.57329020050659;4140;23.572496719260233;4140;87.624744407483135;4140;0.46812385074167284;4140;2.3581652272103031;4140;2.250129703665273
4150;145.67094943082978;4150;23.621326334421827;4150;87.746818445387149;4150;0.46800522181772464;4150;2.358470412305063;4150;2.250129703665273
4160;145.65874202703938;4160;23.560289315469834;4160;87.636951811273534;4160;0.46772842099517881;4160;2.3477889339884639;4160;2.250129703665273
4170;145.7564012573626;4170;23.645741142002624;4170;87.527085177159947;4170;0.46745162017263286;4170;2.358470412305063;4170;2.250129703665273
4180;145.768608661153;4180;23.718985564745019;4180;87.624744407483135;4180;0.46717481935008703;4180;2.3563341166417433;4180;2.250129703665273
4190;145.768608661153;4190;23.645741142002624;4190;87.600329599902338;4190;0.46693756150219062;4190;2.3554185613574634;4190;2.250129703665273
4200;145.7564012573626;4200;23.682363353373823;4200;87.661366618854331;4200;0.46673984662894358;4200;2.3526718955046237;4200;2.250129703665273
4210;145.63432721945858;4210;23.621326334421827;4210;87.575914792321541;4210;0.46642350283174827;4210;2.3575548570207832;4210;2.250129703665273
4220;145.7441938535722;4220;23.572496719260233;4220;87.514877773369548;4220;0.466107159034553;4220;2.3566393017365033;4220;2.250129703665273
4230;145.7319864497818;4230;23.59691152684103;4230;87.636951811273534;4230;0.46579081523735777;4230;2.3517563402203439;4230;2.250129703665273
4240;145.768608661153;4240;23.572496719260233;4240;87.612537003692736;4240;0.46555355738946125;4240;2.3569444868312632;4240;2.250129703665273
4250;145.524460585345;4250;23.572496719260233;4250;87.514877773369548;4250;0.46519767061761658;4250;2.3538926358836636;4250;2.250129703665273
4260;145.524460585345;4260;23.609118930631428;4260;87.636951811273534;4260;0.46499995574436942;4260;2.3578600421155431;4260;2.250129703665273
4270;145.463423566393;4270;23.560289315469834;4270;87.746818445387149;4270;0.46472315492182359;4270;2.3514511551255839;4270;2.250129703665273
4280;145.57329020050659;4280;23.499252296517842;4280;87.759025849177547;4280;0.46440681112462828;4280;2.3572496719260232;4280;2.250129703665273
4290;145.5000457777642;4290;23.450422681356244;4290;87.832270271919938;4290;0.46409046732743303;4290;2.3538926358836636;4290;2.250129703665273
4300;145.585497604297;4300;23.462630085146643;4300;87.82006286812954;4300;0.46389275245418593;4300;2.3554185613574634;4300;2.250129703665273
4310;145.707571642201;4310;23.499252296517842;4310;87.771233252967946;4310;0.46365549460628946;4310;2.3526718955046237;4310;2.250129703665273
4320;145.68315683462018;4320;23.523667104098639;4320;87.710196234015953;4320;0.46333915080909421;4320;2.3520615253151038;4320;2.250129703665273
4330;145.585497604297;4330;23.535874507889037;4330;87.722403637806352;4330;0.46302280701189891;4330;2.3566393017365033;4330;2.250129703665273
4340;145.463423566393;4340;23.535874507889037;4340;87.844477675710337;4340;0.46270646321470366;4340;2.3548081911679435;4340;2.250129703665273
4350;145.63432721945858;4350;23.51145970030824;4350;87.856685079500735;4350;0.46246920536680725;4350;2.3529770805993837;4350;2.250129703665273
4360;145.62211981566819;4360;23.462630085146643;4360;87.832270271919938;4360;0.46215286156961188;4360;2.3432111575670644;4360;2.250129703665273
4370;145.81743827631459;4370;23.51145970030824;4370;87.82006286812954;4370;0.46195514669636489;4370;2.3569444868312632;4370;2.250129703665273
4380;145.707571642201;4380;23.633533738212225;4380;87.807855464339141;4380;0.46167834587381895;4380;2.3520615253151038;4380;2.250129703665273
4390;145.65874202703938;4390;23.633533738212225;4390;87.844477675710337;4390;0.46144108802592254;4390;2.3419904171880246;4390;2.250129703665273
4400;145.63432721945858;4400;23.523667104098639;4400;87.868892483291134;4400;0.46116428720337671;4400;2.3407696768089847;4400;2.250129703665273
4410;145.65874202703938;4410;23.609118930631428;4410;87.783440656758344;4410;0.46088748638083082;4410;2.3578600421155431;4410;2.250129703665273
4420;145.7197790459914;4420;23.731192968535417;4420;87.771233252967946;4420;0.46061068555828494;4420;2.3526718955046237;4420;2.250129703665273
4430;145.67094943082978;4430;23.694570757164222;4430;87.844477675710337;4430;0.46033388473573911;4430;2.334665974913785;4430;2.250129703665273
4440;145.81743827631459;4440;23.718985564745019;4440;87.954344309823924;4440;0.46013616986249206;4440;2.3474837488937039;4440;2.250129703665273
4450;145.585497604297;4450;23.59691152684103;4450;87.844477675710337;4450;0.45978028309064711;4450;2.3551133762627035;4450;2.250129703665273
4460;145.57329020050659;4460;23.560289315469834;4460;87.73461104159675;4460;0.45950348226810128;4460;2.350535599841304;4460;2.250129703665273
4470;145.4756309701834;4470;23.694570757164222;4470;87.746818445387149;4470;0.45922668144555545;4470;2.3392437513351849;4470;2.250129703665273
4480;145.60991241187779;4480;23.804437391277808;4480;87.844477675710337;4480;0.45894988062300951;4480;2.3572496719260232;4480;2.250129703665273
4490;145.524460585345;4490;23.828852198858606;4490;87.917722098452728;4490;0.45863353682581426;4490;2.3572496719260232;4490;2.250129703665273
4500;145.39017914365061;4500;23.694570757164222;4500;87.807855464339141;4500;0.45823810707932017;4500;2.3474837488937039;4500;2.250129703665273
4510;145.63432721945858;4510;23.523667104098639;4510;87.783440656758344;4510;0.45796130625677428;4510;2.3474837488937039;4510;2.250129703665273
4520;145.7197790459914;4520;23.609118930631428;4520;87.649159215063932;4520;0.45772404840887787;4520;2.3599963377788629;4520;2.250129703665273
4530;145.68315683462018;4530;23.718985564745019;4530;87.685781426435128;4530;0.45744724758633193;4530;2.3575548570207832;4530;2.250129703665273
4540;145.57329020050659;4540;23.609118930631428;4540;87.783440656758344;4540;0.45713090378913668;4540;2.3459578234199041;4540;2.250129703665273
4550;145.7319864497818;4550;23.59691152684103;4550;87.624744407483135;4550;0.45685410296659079;4550;2.3569444868312632;4550;2.250129703665273
4560;145.585497604297;4560;23.548081911679436;4560;87.478255561998353;4560;0.45669593106799317;4560;2.3575548570207832;4560;2.250129703665273
4570;145.585497604297;4570;23.560289315469834;4570;87.539292580950345;4570;0.45645867322009676;4570;2.3569444868312632;4570;2.250129703665273
4580;145.524460585345;4580;23.621326334421827;4580;87.563707388531142;4580;0.45614232942290139;4580;2.3496200445570241;4580;2.250129703665273
4590;145.63432721945858;4590;23.682363353373823;4590;87.527085177159947;4590;0.45598415752430377;4590;2.3575548570207832;4590;2.250129703665273
4600;145.68315683462018;4600;23.682363353373823;4600;87.551499984740744;4600;0.45570735670175794;4600;2.3575548570207832;4600;2.250129703665273
4610;145.64653462324898;4610;23.70677816095462;4610;87.539292580950345;4610;0.45539101290456269;4610;2.3569444868312632;4610;2.250129703665273
4620;145.64653462324898;4620;23.731192968535417;4620;87.563707388531142;4620;0.45515375505666628;4620;2.3548081911679435;4620;2.250129703665273
4630;145.60991241187779;4630;23.609118930631428;4630;87.50267036957915;4630;0.45495604018341917;4630;2.3554185613574634;4630;2.250129703665273
4640;145.79302346873379;4640;23.609118930631428;4640;87.527085177159947;4640;0.45463969638622376;4640;2.3569444868312632;4640;2.250129703665273
4650;145.7197790459914;4650;23.682363353373823;4650;87.612537003692736;4650;0.45428380961437903;4650;2.3520615253151038;4650;2.250129703665273
4660;145.7564012573626;4660;23.743400372325816;4660;87.673574022644729;4660;0.4540860947411321;4660;2.3563341166417433;4660;2.250129703665273
4670;145.60991241187779;4670;23.718985564745019;4670;87.636951811273534;4670;0.45380929391858615;4670;2.3514511551255839;4670;2.250129703665273
4680;145.7319864497818;4680;23.609118930631428;4680;87.527085177159947;4680;0.4534929501213909;4680;2.359080782494583;4680;2.250129703665273
4690;145.68315683462018;4690;23.59691152684103;4690;87.612537003692736;4690;0.453216149298845;4690;2.3529770805993837;4690;2.250129703665273
4700;145.65874202703938;4700;23.621326334421827;4700;87.636951811273534;4700;0.45293934847629919;4700;2.3499252296517841;4700;2.250129703665273
4710;145.7441938535722;4710;23.59691152684103;4710;87.649159215063932;4710;0.45266254765375324;4710;2.3483993041779838;4710;2.250129703665273
4720;145.707571642201;4720;23.621326334421827;4720;87.612537003692736;4720;0.452346203856558;4720;2.3581652272103031;4720;2.250129703665273
4730;145.68315683462018;4730;23.657948545793023;4730;87.844477675710337;4730;0.45206940303401216;4730;2.350535599841304;4730;2.250129703665273
4740;145.524460585345;4740;23.59691152684103;4740;87.881099887081533;4740;0.45179260221146633;4740;2.3377178258613847;4740;2.250129703665273
4750;145.81743827631459;4750;23.59691152684103;4750;87.783440656758344;4750;0.45163443031286871;4750;2.350535599841304;4750;2.250129703665273
4760;145.79302346873379;4760;23.621326334421827;4760;87.685781426435128;4760;0.4513180865156734;4760;2.3548081911679435;4760;2.250129703665273
4770;145.707571642201;4770;23.682363353373823;4770;87.771233252967946;4770;0.45096219974382873;4770;2.3490096743675042;4770;2.250129703665273
4780;145.56108279671619;4780;23.743400372325816;4780;87.90551469466233;4780;0.45068539892128279;4780;2.3377178258613847;4780;2.250129703665273
4790;145.68315683462018;4790;23.70677816095462;4790;87.759025849177547;4790;0.45044814107338638;4790;2.3554185613574634;4790;2.250129703665273
4800;145.585497604297;4800;23.609118930631428;4800;87.82006286812954;4800;0.45017134025084055;4800;2.3557237464522234;4800;2.250129703665273
4810;145.54887539292579;4810;23.535874507889037;4810;87.807855464339141;4810;0.4498945394282946;4810;2.3490096743675042;4810;2.250129703665273
4820;145.7197790459914;4820;23.572496719260233;4820;87.759025849177547;4820;0.44969682455504745;4820;2.3483993041779838;4820;2.250129703665273
4830;145.7197790459914;4830;23.70677816095462;4830;87.73461104159675;4830;0.4493804807578522;4830;2.359080782494583;4830;2.250129703665273
4840;145.707571642201;4840;23.657948545793023;4840;87.771233252967946;4840;0.44910367993530637;4840;2.3554185613574634;4840;2.250129703665273
4850;145.707571642201;4850;23.548081911679436;4850;87.844477675710337;4850;0.44878733613811106;4850;2.3426007873775445;4850;2.250129703665273
4860;145.84185308389539;4860;23.645741142002624;4860;87.685781426435128;4860;0.44855007829021459;4860;2.3548081911679435;4860;2.250129703665273
4870;145.62211981566819;4870;23.621326334421827;4870;87.624744407483135;4870;0.44827327746766876;4870;2.3548081911679435;4870;2.250129703665273
4880;145.707571642201;4880;23.633533738212225;4880;87.759025849177547;4880;0.44795693367047346;4880;2.3520615253151038;4880;2.250129703665273
4890;145.57329020050659;4890;23.609118930631428;4890;87.673574022644729;4890;0.44764058987327821;4890;2.3456526383251441;4890;2.250129703665273
4900;145.67094943082978;4900;23.609118930631428;4900;87.527085177159947;4900;0.44744287500003116;4900;2.359080782494583;4900;2.250129703665273
4910;145.7197790459914;4910;23.657948545793023;4910;87.612537003692736;4910;0.44720561715213464;4910;2.3545030060731835;4910;2.250129703665273
4920;145.62211981566819;4920;23.682363353373823;4920;87.612537003692736;4920;0.44696835930423823;4920;2.3444318979461043;4920;2.250129703665273
4930;145.7197790459914;4930;23.79222998748741;4930;87.600329599902338;4930;0.44669155848169229;4930;2.3480941190832239;4930;2.250129703665273
4940;145.585497604297;4940;23.828852198858606;4940;87.514877773369548;4940;0.44633567170984767;4940;2.3593859675893429;4940;2.250129703665273
4950;145.7197790459914;4950;23.743400372325816;4950;87.563707388531142;4950;0.44605887088730178;4950;2.3548081911679435;4950;2.250129703665273
4960;145.707571642201;4960;23.718985564745019;4960;87.527085177159947;4960;0.44570298411545717;4960;2.338938566240425;4960;2.250129703665273
4970;145.768608661153;4970;23.743400372325816;4970;87.405011139255961;4970;0.44546572626756065;4970;2.3548081911679435;4970;2.250129703665273
4980;145.524460585345;4980;23.621326334421827;4980;87.356181524094367;4980;0.4452680113943136;4980;2.3563341166417433;4980;2.250129703665273
4990;145.62211981566819;4990;23.609118930631428;4990;87.478255561998353;4990;0.44499121057176777;4990;2.3480941190832239;4990;2.250129703665273
5000;145.7319864497818;5000;23.621326334421827;5000;87.624744407483135;5000;0.44475395272387108;5000;2.3426007873775445;5000;2.250129703665273
5010;145.7319864497818;5010;23.657948545793023;5010;87.405011139255961;5010;0.4444771519013252;5010;2.3599963377788629;5010;2.250129703665273
5020;145.67094943082978;5020;23.79222998748741;5020;87.514877773369548;5020;0.44416080810412989;5020;2.3572496719260232;5020;2.250129703665273
5030;145.57329020050659;5030;23.743400372325816;5030;87.722403637806352;5030;0.44376537835763585;5030;2.3444318979461043;5030;2.250129703665273
5040;145.7197790459914;5040;23.755607776116214;5040;87.636951811273534;5040;0.44356766348438881;5040;2.350230414746544;5040;2.250129703665273
5050;145.524460585345;5050;23.780022583697011;5050;87.478255561998353;5050;0.44336994861114171;5050;2.3575548570207832;5050;2.250129703665273
5060;145.7197790459914;5060;23.657948545793023;5060;87.50267036957915;5060;0.44317223373789466;5060;2.3569444868312632;5060;2.250129703665273
5070;145.707571642201;5070;23.59691152684103;5070;87.539292580950345;5070;0.44289543291534883;5070;2.3447370830408643;5070;2.250129703665273
5080;145.707571642201;5080;23.657948545793023;5080;87.600329599902338;5080;0.44257908911815352;5080;2.3566393017365033;5080;2.250129703665273
5090;145.62211981566819;5090;23.633533738212225;5090;87.783440656758344;5090;0.44226274532095827;5090;2.3557237464522234;5090;2.250129703665273
5100;145.7564012573626;5100;23.572496719260233;5100;87.636951811273534;5100;0.44198594449841233;5100;2.3520615253151038;5100;2.250129703665273
5110;145.89068269905698;5110;23.560289315469834;5110;87.563707388531142;5110;0.44178822962516534;5110;2.3496200445570241;5110;2.250129703665273
5120;145.7319864497818;5120;23.609118930631428;5120;87.539292580950345;5120;0.44151142880261945;5120;2.3609118930631428;5120;2.250129703665273
5130;145.768608661153;5130;23.694570757164222;5130;87.600329599902338;5130;0.44123462798007362;5130;2.3569444868312632;5130;2.250129703665273
5140;145.64653462324898;5140;23.718985564745019;5140;87.612537003692736;5140;0.4408787412082289;5140;2.3447370830408643;5140;2.250129703665273
5150;145.7197790459914;5150;23.743400372325816;5150;87.563707388531142;5150;0.44064148336033249;5150;2.3541978209784236;5150;2.250129703665273
5160;145.62211981566819;5160;23.755607776116214;5160;87.612537003692736;5160;0.44032513956313724;5160;2.3554185613574634;5160;2.250129703665273
5170;145.64653462324898;5170;23.79222998748741;5170;87.624744407483135;5170;0.44000879576594193;5170;2.3514511551255839;5170;2.250129703665273
5180;145.585497604297;5180;23.755607776116214;5180;87.636951811273534;5180;0.43973199494339604;5180;2.3416852320932646;5180;2.250129703665273
5190;145.707571642201;5190;23.780022583697011;5190;87.612537003692736;5190;0.4394551941208501;5190;2.3575548570207832;5190;2.250129703665273
5200;145.7564012573626;5200;23.718985564745019;5200;87.636951811273534;5200;0.43913885032365474;5200;2.3566393017365033;5200;2.250129703665273
5210;145.64653462324898;5210;23.609118930631428;5210;87.600329599902338;5210;0.43886204950110891;5210;2.3474837488937039;5210;2.250129703665273
5220;145.63432721945858;5220;23.645741142002624;5220;87.612537003692736;5220;0.43866433462786186;5220;2.3483993041779838;5220;2.250129703665273
5230;145.65874202703938;5230;23.755607776116214;5230;87.539292580950345;5230;0.438387533805316;5230;2.3606067079683828;5230;2.250129703665273
5240;145.7197790459914;5240;23.79222998748741;5240;87.563707388531142;5240;0.43815027595741957;5240;2.3563341166417433;5240;2.250129703665273
5250;145.63432721945858;5250;23.70677816095462;5250;87.624744407483135;5250;0.43779438918557489;5250;2.3413800469985047;5250;2.250129703665273
5260;145.84185308389539;5260;23.731192968535417;5260;87.551499984740744;5260;0.43755713133767837;5260;2.3541978209784236;5260;2.250129703665273
5270;145.65874202703938;5270;23.731192968535417;5270;87.429425946836758;5270;0.43735941646443133;5270;2.3563341166417433;5270;2.250129703665273
5280;145.7441938535722;5280;23.743400372325816;5280;87.514877773369548;5280;0.4370826156418855;5280;2.350535599841304;5280;2.250129703665273
5290;145.7197790459914;5290;23.718985564745019;5290;87.636951811273534;5290;0.43680581481933967;5290;2.3435163426618244;5290;2.250129703665273
5300;145.707571642201;5300;23.633533738212225;5300;87.600329599902338;5300;0.43652901399679372;5300;2.3603015228736228;5300;2.250129703665273
5310;145.768608661153;5310;23.560289315469834;5310;87.685781426435128;5310;0.43629175614889731;5310;2.3566393017365033;5310;2.250129703665273
5320;145.7564012573626;5320;23.609118930631428;5320;87.612537003692736;5320;0.43601495532635148;5320;2.3444318979461043;5320;2.250129703665273
5330;145.7441938535722;5330;23.743400372325816;5330;87.514877773369548;5330;0.43569861152915618;5330;2.3474837488937039;5330;2.250129703665273
5340;145.65874202703938;5340;23.694570757164222;5340;87.527085177159947;5340;0.43546135368125971;5340;2.3593859675893429;5340;2.250129703665273
5350;145.768608661153;5350;23.657948545793023;5350;87.539292580950345;5350;0.43522409583336319;5350;2.3575548570207832;5350;2.250129703665273
5360;145.63432721945858;5360;23.70677816095462;5360;87.50267036957915;5360;0.43490775203616794;5360;2.3432111575670644;5360;2.250129703665273
5370;145.7441938535722;5370;23.816644795068207;5370;87.429425946836758;5370;0.43467049418827153;5370;2.3569444868312632;5370;2.250129703665273
5380;145.64653462324898;5380;23.816644795068207;5380;87.478255561998353;5380;0.43435415039107611;5380;2.3566393017365033;5380;2.250129703665273
5390;145.585497604297;5390;23.755607776116214;5390;87.636951811273534;5390;0.4340378065938808;5390;2.3523667104098638;5390;2.250129703665273
5400;145.56108279671619;5400;23.731192968535417;5400;87.661366618854331;5400;0.433761005771335;5400;2.347178563798944;5400;2.250129703665273
5410;145.7197790459914;5410;23.59691152684103;5410;87.551499984740744;5410;0.43348420494878914;5410;2.3593859675893429;5410;2.250129703665273
5420;145.7564012573626;5420;23.535874507889037;5420;87.50267036957915;5420;0.4332864900755421;5420;2.3569444868312632;5420;2.250129703665273
5430;145.4878383739738;5430;23.51145970030824;5430;87.527085177159947;5430;0.43304923222764558;5430;2.347178563798944;5430;2.250129703665273
5440;145.62211981566819;5440;23.51145970030824;5440;87.563707388531142;5440;0.43281197437974916;5440;2.3532822656941437;5440;2.250129703665273
5450;145.585497604297;5450;23.523667104098639;5450;87.50267036957915;5450;0.43253517355720322;5450;2.3572496719260232;5450;2.250129703665273
5460;145.63432721945858;5460;23.572496719260233;5460;87.600329599902338;5460;0.43233745868395629;5460;2.3538926358836636;5460;2.250129703665273
5470;145.54887539292579;5470;23.59691152684103;5470;87.685781426435128;5470;0.43198157191211156;5470;2.3422956022827846;5470;2.250129703665273
5480;145.707571642201;5480;23.572496719260233;5480;87.661366618854331;5480;0.43166522811491631;5480;2.3569444868312632;5480;2.250129703665273
5490;145.68315683462018;5490;23.51145970030824;5490;87.73461104159675;5490;0.43146751324166921;5490;2.3566393017365033;5490;2.250129703665273
5500;145.64653462324898;5500;23.51145970030824;5500;87.807855464339141;5500;0.43123025539377274;5500;2.350535599841304;5500;2.250129703665273
5510;145.7319864497818;5510;23.572496719260233;5510;87.807855464339141;5510;0.43095345457122691;5510;2.3474837488937039;5510;2.250129703665273
5520;145.7319864497818;5520;23.523667104098639;5520;87.685781426435128;5520;0.4307161967233305;5520;2.3578600421155431;5520;2.250129703665273
5530;145.7197790459914;5530;23.560289315469834;5530;87.73461104159675;5530;0.4303998529261352;5530;2.3551133762627035;5530;2.250129703665273
5540;145.56108279671619;5540;23.535874507889037;5540;87.759025849177547;5540;0.43008350912893983;5540;2.3450422681356242;5540;2.250129703665273
5550;145.7441938535722;5550;23.51145970030824;5550;87.73461104159675;5550;0.4298857942556929;5550;2.3551133762627035;5550;2.250129703665273
5560;145.65874202703938;5560;23.548081911679436;5560;87.771233252967946;5560;0.42960899343314696;5560;2.3572496719260232;5560;2.250129703665273
5570;145.65874202703938;5570;23.548081911679436;5570;87.844477675710337;5570;0.4292926496359516;5570;2.3551133762627035;5570;2.250129703665273
5580;145.64653462324898;5580;23.450422681356244;5580;87.856685079500735;5580;0.42901584881340576;5580;2.3459578234199041;5580;2.250129703665273
5590;145.768608661153;5590;23.560289315469834;5590;87.844477675710337;5590;0.42873904799085982;5590;2.3593859675893429;5590;2.250129703665273
5600;145.65874202703938;5600;23.645741142002624;5600;87.929929502243127;5600;0.42850179014296341;5600;2.3551133762627035;5600;2.250129703665273
5610;145.585497604297;5610;23.609118930631428;5610;87.868892483291134;5610;0.42822498932041747;5610;2.346568193609424;5610;2.250129703665273
5620;145.707571642201;5620;23.560289315469834;5620;87.807855464339141;5620;0.42790864552322222;5620;2.3480941190832239;5620;2.250129703665273
5630;145.7441938535722;5630;23.535874507889037;5630;87.929929502243127;5630;0.42759230172602697;5630;2.3606067079683828;5630;2.250129703665273
5640;145.829645680105;5640;23.633533738212225;5640;87.966551713614322;5640;0.42731550090348114;5640;2.3545030060731835;5640;2.250129703665273
5650;145.585497604297;5650;23.609118930631428;5650;87.954344309823924;5650;0.42703870008093525;5650;2.3371074556718647;5650;2.250129703665273
5660;145.67094943082978;5660;23.609118930631428;5660;87.929929502243127;5660;0.42684098520768821;5660;2.3526718955046237;5660;2.250129703665273
5670;145.585497604297;5670;23.523667104098639;5670;87.856685079500735;5670;0.42652464141049296;5670;2.3572496719260232;5670;2.250129703665273
5680;145.80523087252419;5680;23.450422681356244;5680;87.771233252967946;5680;0.42620829761329765;5680;2.3493148594622641;5680;2.250129703665273
5690;145.85406048768579;5690;23.51145970030824;5690;87.771233252967946;5690;0.4258919538161024;5690;2.3401593066194648;5690;2.250129703665273
5700;145.7197790459914;5700;23.535874507889037;5700;87.844477675710337;5700;0.42557561001890715;5700;2.3581652272103031;5700;2.250129703665273
5710;145.768608661153;5710;23.523667104098639;5710;87.966551713614322;5710;0.42537789514566005;5710;2.3569444868312632;5710;2.250129703665273
5720;145.79302346873379;5720;23.694570757164222;5720;87.954344309823924;5720;0.425180180272413;5720;2.346568193609424;5720;2.250129703665273
5730;145.829645680105;5730;23.79222998748741;5730;87.917722098452728;5730;0.42486383647521775;5730;2.350840784936064;5730;2.250129703665273
5740;145.585497604297;5740;23.474837488937041;5740;87.929929502243127;5740;0.42454749267802244;5740;2.3596911526841029;5740;2.250129703665273
5750;145.64653462324898;5750;23.523667104098639;5750;87.942136906033525;5750;0.42442886375407407;5750;2.3566393017365033;5750;2.250129703665273
5760;145.64653462324898;5760;23.682363353373823;5760;87.832270271919938;5760;0.42415206293152824;5760;2.3419904171880246;5760;2.250129703665273
5770;145.80523087252419;5770;23.694570757164222;5770;87.832270271919938;5770;0.42387526210898241;5770;2.3545030060731835;5770;2.250129703665273
5780;145.63432721945858;5780;23.609118930631428;5780;87.856685079500735;5780;0.42359846128643647;5780;2.3545030060731835;5780;2.250129703665273
5790;145.64653462324898;5790;23.51145970030824;5790;87.807855464339141;5790;0.42332166046389064;5790;2.3493148594622641;5790;2.250129703665273
5800;145.7319864497818;5800;23.499252296517842;5800;87.881099887081533;5800;0.42304485964134481;5800;2.3453474532303842;5800;2.250129703665273
5810;145.7564012573626;5810;23.560289315469834;5810;87.807855464339141;5810;0.42268897286950008;5810;2.3618274483474226;5810;2.250129703665273
5820;145.7319864497818;5820;23.523667104098639;5820;87.868892483291134;5820;0.42241217204695425;5820;2.3575548570207832;5820;2.250129703665273
5830;145.64653462324898;5830;23.59691152684103;5830;87.929929502243127;5830;0.422095828249759;5830;2.3422956022827846;5830;2.250129703665273
5840;145.84185308389539;5840;23.70677816095462;5840;87.929929502243127;5840;0.42181902742721306;5840;2.350230414746544;5840;2.250129703665273
5850;145.707571642201;5850;23.59691152684103;5850;87.881099887081533;5850;0.42158176957931665;5850;2.3569444868312632;5850;2.250129703665273
5860;145.7564012573626;5860;23.621326334421827;5860;87.868892483291134;5860;0.42134451173142012;5860;2.3526718955046237;5860;2.250129703665273
5870;145.68315683462018;5870;23.572496719260233;5870;87.929929502243127;5870;0.42102816793422487;5870;2.3413800469985047;5870;2.250129703665273
5880;145.7319864497818;5880;23.657948545793023;5880;87.929929502243127;5880;0.42075136711167904;5880;2.3578600421155431;5880;2.250129703665273
5890;145.68315683462018;5890;23.755607776116214;5890;87.929929502243127;5890;0.4204745662891331;5890;2.3575548570207832;5890;2.250129703665273
5900;145.7319864497818;5900;23.70677816095462;5900;87.917722098452728;5900;0.42019776546658727;5900;2.350230414746544;5900;2.250129703665273
5910;145.768608661153;5910;23.645741142002624;5910;87.929929502243127;5910;0.41992096464404144;5910;2.3480941190832239;5910;2.250129703665273
5920;145.7441938535722;5920;23.645741142002624;5920;87.881099887081533;5920;0.41972324977079439;5920;2.359080782494583;5920;2.250129703665273
5930;145.80523087252419;5930;23.70677816095462;5930;87.90551469466233;5930;0.41948599192289793;5930;2.3557237464522234;5930;2.250129703665273
5940;145.65874202703938;5940;23.645741142002624;5940;87.844477675710337;5940;0.41916964812570245;5940;2.3480941190832239;5940;2.250129703665273
5950;145.84185308389539;5950;23.621326334421827;5950;87.929929502243127;5950;0.41893239027780593;5950;2.3569444868312632;5950;2.250129703665273
5960;145.7319864497818;5960;23.51145970030824;5960;88.015381328775916;5960;0.41873467540455889;5960;2.3566393017365033;5960;2.250129703665273
5970;145.86626789147618;5970;23.523667104098639;5970;88.003173924985518;5970;0.41841833160736364;5970;2.3603015228736228;5970;2.250129703665273
5980;145.89068269905698;5980;23.523667104098639;5980;88.003173924985518;5980;0.41810198781016833;5980;2.3523667104098638;5980;2.250129703665273
5990;145.93951231421858;5990;23.59691152684103;5990;87.917722098452728;5990;0.4178251869876225;5990;2.3548081911679435;5990;2.250129703665273
6000;145.90289010284738;6000;23.633533738212225;6000;87.954344309823924;6000;0.417587929139726;6000;2.3523667104098638;6000;2.250129703665273
6010;145.80523087252419;6010;23.633533738212225;6010;87.881099887081533;6010;0.41727158534253073;6010;2.358470412305063;6010;2.250129703665273
6020;145.79302346873379;6020;23.718985564745019;6020;87.783440656758344;6020;0.4169947845199849;6020;2.3517563402203439;6020;2.250129703665273
6030;145.65874202703938;6030;23.572496719260233;6030;87.929929502243127;6030;0.41671798369743906;6030;2.3407696768089847;6030;2.250129703665273
6040;145.90289010284738;6040;23.621326334421827;6040;87.978759117404721;6040;0.41644118287489312;6040;2.350840784936064;6040;2.250129703665273
6050;145.84185308389539;6050;23.572496719260233;6050;87.90551469466233;6050;0.41612483907769787;6050;2.358470412305063;6050;2.250129703665273
6060;145.81743827631459;6060;23.438215277565845;6060;87.966551713614322;6060;0.41592712420445088;6060;2.3490096743675042;6060;2.250129703665273
6070;145.64653462324898;6070;23.499252296517842;6070;88.052003540147112;6070;0.41557123743260616;6070;2.3322244941557053;6070;2.250129703665273
6080;145.79302346873379;6080;23.59691152684103;6080;88.003173924985518;6080;0.41529443661006027;6080;2.3526718955046237;6080;2.250129703665273
6090;145.85406048768579;6090;23.645741142002624;6090;87.954344309823924;6090;0.41497809281286496;6090;2.3554185613574634;6090;2.250129703665273
6100;145.84185308389539;6100;23.621326334421827;6100;87.942136906033525;6100;0.41470129199031913;6100;2.3493148594622641;6100;2.250129703665273
6110;145.85406048768579;6110;23.609118930631428;6110;87.954344309823924;6110;0.41450357711707209;6110;2.3474837488937039;6110;2.250129703665273
6120;145.768608661153;6120;23.572496719260233;6120;87.966551713614322;6120;0.41418723331987672;6120;2.3593859675893429;6120;2.250129703665273
6130;145.707571642201;6130;23.535874507889037;6130;87.978759117404721;6130;0.41391043249733078;6130;2.359080782494583;6130;2.250129703665273
6140;145.524460585345;6140;23.51145970030824;6140;87.90551469466233;6140;0.41359408870013553;6140;2.3493148594622641;6140;2.250129703665273
6150;145.7441938535722;6150;23.535874507889037;6150;87.90551469466233;6150;0.41335683085223912;6150;2.3557237464522234;6150;2.250129703665273
6160;145.7564012573626;6160;23.548081911679436;6160;87.929929502243127;6160;0.41308003002969329;6160;2.3566393017365033;6160;2.250129703665273
6170;145.90289010284738;6170;23.609118930631428;6170;87.856685079500735;6170;0.41276368623249793;6170;2.3572496719260232;6170;2.250129703665273
6180;145.707571642201;6180;23.535874507889037;6180;87.929929502243127;6180;0.4124868854099521;6180;2.3483993041779838;6180;2.250129703665273
6190;145.65874202703938;6190;23.609118930631428;6190;87.917722098452728;6190;0.412289170536705;6190;2.3569444868312632;6190;2.250129703665273
6200;145.829645680105;6200;23.718985564745019;6200;87.844477675710337;6200;0.41201236971415917;6200;2.3541978209784236;6200;2.250129703665273
6210;145.86626789147618;6210;23.694570757164222;6210;87.856685079500735;6210;0.41169602591696391;6210;2.3529770805993837;6210;2.250129703665273
6220;145.829645680105;6220;23.657948545793023;6220;87.954344309823924;6220;0.41137968211976861;6220;2.3526718955046237;6220;2.250129703665273
6230;145.79302346873379;6230;23.59691152684103;6230;87.771233252967946;6230;0.41118196724652156;6230;2.3566393017365033;6230;2.250129703665273
6240;145.90289010284738;6240;23.59691152684103;6240;87.807855464339141;6240;0.41094470939862515;6240;2.3566393017365033;6240;2.250129703665273
6250;145.707571642201;6250;23.548081911679436;6250;87.856685079500735;6250;0.41058882262678048;6250;2.3477889339884639;6250;2.250129703665273
6260;145.68315683462018;6260;23.694570757164222;6260;87.82006286812954;6260;0.41031202180423454;6260;2.3575548570207832;6260;2.250129703665273
6270;145.68315683462018;6270;23.682363353373823;6270;87.82006286812954;6270;0.41003522098168871;6270;2.3548081911679435;6270;2.250129703665273
6280;145.84185308389539;6280;23.572496719260233;6280;87.807855464339141;6280;0.4097979631337923;6280;2.3529770805993837;6280;2.250129703665273
6290;145.7319864497818;6290;23.548081911679436;6290;87.856685079500735;6290;0.4096002482605452;6290;2.347178563798944;6290;2.250129703665273
6300;145.707571642201;6300;23.572496719260233;6300;87.771233252967946;6300;0.4093234474379992;6300;2.3578600421155431;6300;2.250129703665273
6310;145.80523087252419;6310;23.657948545793023;6310;87.783440656758344;6310;0.40904664661545337;6310;2.3541978209784236;6310;2.250129703665273
6320;145.7564012573626;6320;23.621326334421827;6320;87.807855464339141;6320;0.40873030281825812;6320;2.3453474532303842;6320;2.250129703665273
6330;145.768608661153;6330;23.682363353373823;6330;87.783440656758344;6330;0.40845350199571218;6330;2.3496200445570241;6330;2.250129703665273
6340;145.707571642201;6340;23.70677816095462;6340;87.90551469466233;6340;0.40817670117316635;6340;2.3578600421155431;6340;2.250129703665273
6350;145.768608661153;6350;23.621326334421827;6350;87.917722098452728;6350;0.40793944332526993;6350;2.3575548570207832;6350;2.250129703665273
6360;145.7564012573626;6360;23.560289315469834;6360;87.868892483291134;6360;0.40762309952807463;6360;2.3456526383251441;6360;2.250129703665273
6370;145.829645680105;6370;23.59691152684103;6370;87.917722098452728;6370;0.40742538465482758;6370;2.3566393017365033;6370;2.250129703665273
6380;145.80523087252419;6380;23.633533738212225;6380;87.868892483291134;6380;0.40714858383228164;6380;2.3541978209784236;6380;2.250129703665273
6390;145.90289010284738;6390;23.633533738212225;6390;87.942136906033525;6390;0.40683224003508639;6390;2.3526718955046237;6390;2.250129703665273
6400;145.829645680105;6400;23.535874507889037;6400;87.978759117404721;6400;0.40655543921254056;6400;2.3493148594622641;6400;2.250129703665273
6410;145.85406048768579;6410;23.560289315469834;6410;87.844477675710337;6410;0.40635772433929346;6410;2.358470412305063;6410;2.250129703665273
6420;145.829645680105;6420;23.657948545793023;6420;87.917722098452728;6420;0.40604138054209821;6420;2.3538926358836636;6420;2.250129703665273
6430;145.64653462324898;6430;23.645741142002624;6430;88.052003540147112;6430;0.40572503674490296;6430;2.3432111575670644;6430;2.250129703665273
6440;145.64653462324898;6440;23.694570757164222;6440;88.039796136356713;6440;0.40552732187165585;6440;2.3499252296517841;6440;2.250129703665273
6450;145.5366679891354;6450;23.621326334421827;6450;87.90551469466233;6450;0.40525052104911;6450;2.3551133762627035;6450;2.250129703665273
6460;145.7319864497818;6460;23.560289315469834;6460;88.015381328775916;6460;0.40493417725191477;6460;2.3541978209784236;6460;2.250129703665273
6470;145.7441938535722;6470;23.621326334421827;6470;88.015381328775916;6470;0.40465737642936894;6470;2.3422956022827846;6470;2.250129703665273
6480;145.81743827631459;6480;23.609118930631428;6480;87.856685079500735;6480;0.40434103263217364;6480;2.3575548570207832;6480;2.250129703665273
6490;145.7441938535722;6490;23.621326334421827;6490;87.832270271919938;6490;0.40410377478427689;6490;2.3557237464522234;6490;2.250129703665273
6500;145.768608661153;6500;23.70677816095462;6500;87.90551469466233;6500;0.40374788801243222;6500;2.346873378704184;6500;2.250129703665273
6510;145.7197790459914;6510;23.560289315469834;6510;88.015381328775916;6510;0.40339200124058761;6510;2.3447370830408643;6510;2.250129703665273
6520;145.7441938535722;6520;23.474837488937041;6520;87.929929502243127;6520;0.40315474339269108;6520;2.3578600421155431;6520;2.250129703665273
6530;145.81743827631459;6530;23.59691152684103;6530;87.942136906033525;6530;0.40295702851944404;6530;2.3545030060731835;6530;2.250129703665273
6540;145.7319864497818;6540;23.731192968535417;6540;87.868892483291134;6540;0.40264068472224879;6540;2.3444318979461043;6540;2.250129703665273
6550;145.96392712179937;6550;23.731192968535417;6550;87.832270271919938;6550;0.40240342687435238;6550;2.3548081911679435;6550;2.250129703665273
6560;145.79302346873379;6560;23.59691152684103;6560;87.783440656758344;6560;0.40208708307715707;6560;2.3563341166417433;6560;2.250129703665273
6570;145.768608661153;6570;23.645741142002624;6570;87.783440656758344;6570;0.40177073927996182;6570;2.3554185613574634;6570;2.250129703665273
6580;145.7319864497818;6580;23.731192968535417;6580;87.881099887081533;6580;0.4015334814320653;6580;2.347178563798944;6580;2.250129703665273
6590;145.92730491042818;6590;23.755607776116214;6590;87.844477675710337;6590;0.40121713763487005;6590;2.3596911526841029;6590;2.250129703665273
6600;145.92730491042818;6600;23.572496719260233;6600;87.881099887081533;6600;0.40094033681232422;6600;2.3554185613574634;6600;2.250129703665273
6610;145.85406048768579;6610;23.535874507889037;6610;87.90551469466233;6610;0.40066353598977827;6610;2.346568193609424;6610;2.250129703665273
6620;145.91509750663778;6620;23.694570757164222;6620;87.929929502243127;6620;0.40050536409118065;6620;2.346873378704184;6620;2.250129703665273
6630;145.7319864497818;6630;23.694570757164222;6630;87.929929502243127;6630;0.40022856326863482;6630;2.3569444868312632;6630;2.250129703665273
6640;145.80523087252419;6640;23.645741142002624;6640;87.978759117404721;6640;0.399951762446089;6640;2.3548081911679435;6640;2.250129703665273
6650;145.7197790459914;6650;23.548081911679436;6650;87.917722098452728;6650;0.39967496162354305;6650;2.3432111575670644;6650;2.250129703665273
6660;145.768608661153;6660;23.609118930631428;6660;87.783440656758344;6660;0.39939816080099722;6660;2.3554185613574634;6660;2.250129703665273
6670;145.68315683462018;6670;23.657948545793023;6670;87.759025849177547;6670;0.39908181700380185;6670;2.3554185613574634;6670;2.250129703665273
6680;145.7197790459914;6680;23.609118930631428;6680;87.881099887081533;6680;0.39876547320660649;6680;2.3541978209784236;6680;2.250129703665273
6690;145.7441938535722;6690;23.694570757164222;6690;88.015381328775916;6690;0.39852821535871008;6690;2.3477889339884639;6690;2.250129703665273
6700;145.7564012573626;6700;23.743400372325816;6700;87.881099887081533;6700;0.39829095751081356;6700;2.359080782494583;6700;2.250129703665273
6710;145.7197790459914;6710;23.645741142002624;6710;87.868892483291134;6710;0.39801415668826773;6710;2.3554185613574634;6710;2.250129703665273
6720;145.7319864497818;6720;23.682363353373823;6720;87.783440656758344;6720;0.3977373558657219;6720;2.3459578234199041;6720;2.250129703665273
6730;145.79302346873379;6730;23.645741142002624;6730;87.868892483291134;6730;0.39757918396712427;6730;2.3493148594622641;6730;2.250129703665273
6740;145.64653462324898;6740;23.548081911679436;6740;87.881099887081533;6740;0.397262840169929;6740;2.3569444868312632;6740;2.250129703665273
6750;145.585497604297;6750;23.572496719260233;6750;87.929929502243127;6750;0.39694649637273371;6750;2.3575548570207832;6750;2.250129703665273
6760;145.4756309701834;6760;23.560289315469834;6760;87.929929502243127;6760;0.39663015257553846;6760;2.347178563798944;6760;2.250129703665273
6770;145.7564012573626;6770;23.450422681356244;6770;87.868892483291134;6770;0.3963138087783431;6770;2.3575548570207832;6770;2.250129703665273
6780;145.7441938535722;6780;23.474837488937041;6780;87.881099887081533;6780;0.39607655093044669;6780;2.3554185613574634;6780;2.250129703665273
6790;145.7564012573626;6790;23.682363353373823;6790;87.844477675710337;6790;0.39583929308255017;6790;2.3563341166417433;6790;2.250129703665273
6800;145.768608661153;6800;23.694570757164222;6800;87.771233252967946;6800;0.39556249226000434;6800;2.350840784936064;6800;2.250129703665273
6810;145.768608661153;6810;23.743400372325816;6810;87.759025849177547;6810;0.39536477738675729;6810;2.3538926358836636;6810;2.250129703665273
6820;145.7441938535722;6820;23.731192968535417;6820;87.807855464339141;6820;0.39512751953886088;6820;2.3532822656941437;6820;2.250129703665273
6830;145.67094943082978;6830;23.645741142002624;6830;87.759025849177547;6830;0.39481117574166563;6830;2.3548081911679435;6830;2.250129703665273
6840;145.7441938535722;6840;23.657948545793023;6840;87.807855464339141;6840;0.39457391789376911;6840;2.3514511551255839;6840;2.250129703665273
6850;145.64653462324898;6850;23.633533738212225;6850;87.759025849177547;6850;0.39421803112192444;6850;2.3426007873775445;6850;2.250129703665273
6860;145.7564012573626;6860;23.743400372325816;6860;87.783440656758344;6860;0.3939412302993785;6860;2.3557237464522234;6860;2.250129703665273
6870;145.56108279671619;6870;23.79222998748741;6870;87.807855464339141;6870;0.393703972451482;6870;2.3529770805993837;6870;2.250129703665273
6880;145.585497604297;6880;23.816644795068207;6880;87.881099887081533;6880;0.39338762865428673;6880;2.3432111575670644;6880;2.250129703665273
6890;145.7197790459914;6890;23.731192968535417;6890;87.978759117404721;6890;0.39311082783174089;6890;2.3343607898190251;6890;2.250129703665273
6900;145.829645680105;6900;23.609118930631428;6900;87.881099887081533;6900;0.39291311295849379;6900;2.3557237464522234;6900;2.250129703665273
6910;145.7319864497818;6910;23.609118930631428;6910;87.978759117404721;6910;0.39263631213594796;6910;2.3526718955046237;6910;2.250129703665273
6920;145.65874202703938;6920;23.657948545793023;6920;88.06421094393751;6920;0.39228042536410329;6920;2.3377178258613847;6920;2.250129703665273
6930;145.85406048768579;6930;23.79222998748741;6930;87.966551713614322;6930;0.39204316751620677;6930;2.346873378704184;6930;2.250129703665273
6940;145.7319864497818;6940;23.645741142002624;6940;87.746818445387149;6940;0.39172682371901152;6940;2.3615222632526627;6940;2.250129703665273
6950;145.64653462324898;6950;23.535874507889037;6950;87.807855464339141;6950;0.39141047992181627;6950;2.3578600421155431;6950;2.250129703665273
6960;145.65874202703938;6960;23.621326334421827;6960;87.90551469466233;6960;0.39113367909927038;6960;2.3416852320932646;6960;2.250129703665273
6970;145.80523087252419;6970;23.645741142002624;6970;87.881099887081533;6970;0.39081733530207513;6970;2.3569444868312632;6970;2.250129703665273
6980;145.65874202703938;6980;23.523667104098639;6980;87.954344309823924;6980;0.39054053447952919;6980;2.3578600421155431;6980;2.250129703665273
6990;145.707571642201;6990;23.535874507889037;6990;87.856685079500735;6990;0.39026373365698336;6990;2.3532822656941437;6990;2.250129703665273
7000;145.79302346873379;7000;23.682363353373823;7000;87.868892483291134;7000;0.39006601878373631;7000;2.3490096743675042;7000;2.250129703665273
7010;145.7319864497818;7010;23.694570757164222;7010;87.82006286812954;7010;0.3898287609358399;7010;2.3599963377788629;7010;2.250129703665273
7020;145.7441938535722;7020;23.70677816095462;7020;87.82006286812954;7020;0.38955196011329396;7020;2.3593859675893429;7020;2.250129703665273
7030;145.7441938535722;7030;23.755607776116214;7030;87.856685079500735;7030;0.38923561631609871;7030;2.3545030060731835;7030;2.250129703665273
7040;145.829645680105;7040;23.731192968535417;7040;87.807855464339141;7040;0.38895881549355277;7040;2.3563341166417433;7040;2.250129703665273
7050;145.768608661153;7050;23.548081911679436;7050;87.759025849177547;7050;0.38868201467100683;7050;2.3517563402203439;7050;2.250129703665273
7060;145.96392712179937;7060;23.535874507889037;7060;87.832270271919938;7060;0.38848429979775984;7060;2.358470412305063;7060;2.250129703665273
7070;145.7197790459914;7070;23.645741142002624;7070;87.82006286812954;7070;0.38816795600056458;7070;2.3523667104098638;7070;2.250129703665273
7080;145.707571642201;7080;23.694570757164222;7080;87.783440656758344;7080;0.38785161220336922;7080;2.350230414746544;7080;2.250129703665273
7090;145.79302346873379;7090;23.682363353373823;7090;87.942136906033525;7090;0.38757481138082339;7090;2.3450422681356242;7090;2.250129703665273
7100;145.80523087252419;7100;23.59691152684103;7100;87.942136906033525;7100;0.38737709650757635;7100;2.3572496719260232;7100;2.250129703665273
7110;145.829645680105;7110;23.51145970030824;7110;87.90551469466233;7110;0.38717938163432936;7110;2.3538926358836636;7110;2.250129703665273
7120;145.80523087252419;7120;23.572496719260233;7120;87.82006286812954;7120;0.38690258081178341;7120;2.3450422681356242;7120;2.250129703665273
7130;145.92730491042818;7130;23.657948545793023;7130;87.82006286812954;7130;0.38670486593853637;7130;2.3499252296517841;7130;2.250129703665273
7140;145.7564012573626;7140;23.70677816095462;7140;87.844477675710337;7140;0.38638852214134112;7140;2.3575548570207832;7140;2.250129703665273
7150;145.7197790459914;7150;23.572496719260233;7150;87.844477675710337;7150;0.38611172131879523;7150;2.350840784936064;7150;2.250129703665273
7160;145.63432721945858;7160;23.560289315469834;7160;87.832270271919938;7160;0.3858349204962494;7160;2.3358867152928249;7160;2.250129703665273
7170;145.85406048768579;7170;23.645741142002624;7170;87.82006286812954;7170;0.38551857669905415;7170;2.3548081911679435;7170;2.250129703665273
7180;145.81743827631459;7180;23.474837488937041;7180;87.954344309823924;7180;0.38520223290185884;7180;2.3569444868312632;7180;2.250129703665273
7190;145.79302346873379;7190;23.474837488937041;7190;88.003173924985518;7190;0.38496497505396238;7190;2.3493148594622641;7190;2.250129703665273
7200;145.7197790459914;7200;23.59691152684103;7200;88.015381328775916;7200;0.38468817423141655;7200;2.3435163426618244;7200;2.250129703665273
7210;145.7319864497818;7210;23.731192968535417;7210;87.942136906033525;7210;0.38441137340887072;7210;2.3603015228736228;7210;2.250129703665273
7220;145.79302346873379;7220;23.621326334421827;7220;87.881099887081533;7220;0.38409502961167535;7220;2.3575548570207832;7220;2.250129703665273
7230;145.707571642201;7230;23.560289315469834;7230;87.844477675710337;7230;0.38381822878912941;7230;2.3447370830408643;7230;2.250129703665273
7240;145.768608661153;7240;23.657948545793023;7240;87.881099887081533;7240;0.38369959986518115;7240;2.3532822656941437;7240;2.250129703665273
7250;145.79302346873379;7250;23.621326334421827;7250;87.868892483291134;7250;0.38342279904263527;7250;2.3572496719260232;7250;2.250129703665273
7260;145.89068269905698;7260;23.633533738212225;7260;87.90551469466233;7260;0.38310645524544;7260;2.3517563402203439;7260;2.250129703665273
7270;145.7197790459914;7270;23.548081911679436;7270;87.978759117404721;7270;0.38282965442289418;7270;2.338938566240425;7270;2.250129703665273
7280;145.80523087252419;7280;23.523667104098639;7280;87.966551713614322;7280;0.38259239657499766;7280;2.3566393017365033;7280;2.250129703665273
7290;145.68315683462018;7290;23.499252296517842;7290;87.90551469466233;7290;0.38231559575245183;7290;2.3572496719260232;7290;2.250129703665273
7300;145.60991241187779;7300;23.621326334421827;7300;87.868892483291134;7300;0.38195970898060716;7300;2.350230414746544;7300;2.250129703665273
7310;145.65874202703938;7310;23.657948545793023;7310;87.942136906033525;7310;0.38168290815806127;7310;2.3490096743675042;7310;2.250129703665273
7320;145.7197790459914;7320;23.572496719260233;7320;87.771233252967946;7320;0.38140610733551544;7320;2.3615222632526627;7320;2.250129703665273
7330;145.80523087252419;7330;23.621326334421827;7330;87.771233252967946;7330;0.3812083924622684;7330;2.3566393017365033;7330;2.250129703665273
7340;145.7441938535722;7340;23.59691152684103;7340;87.783440656758344;7340;0.38093159163972246;7340;2.3426007873775445;7340;2.250129703665273
7350;145.89068269905698;7350;23.70677816095462;7350;87.722403637806352;7350;0.38073387676647547;7350;2.3541978209784236;7350;2.250129703665273
7360;145.81743827631459;7360;23.645741142002624;7360;87.685781426435128;7360;0.38037798999463079;7360;2.3557237464522234;7360;2.250129703665273
7370;145.80523087252419;7370;23.633533738212225;7370;87.771233252967946;7370;0.38010118917208496;7370;2.3557237464522234;7370;2.250129703665273
7380;145.768608661153;7380;23.609118930631428;7380;87.856685079500735;7380;0.37990347429883786;7380;2.3483993041779838;7380;2.250129703665273
7390;145.81743827631459;7390;23.560289315469834;7390;87.82006286812954;7390;0.37946850157769429;7390;2.359080782494583;7390;2.250129703665273
7400;145.829645680105;7400;23.657948545793023;7400;87.881099887081533;7400;0.37915215778049904;7400;2.3563341166417433;7400;2.250129703665273
7410;145.829645680105;7410;23.621326334421827;7410;87.844477675710337;7410;0.37895444290725183;7410;2.3523667104098638;7410;2.250129703665273
7420;145.79302346873379;7420;23.657948545793023;7420;87.807855464339141;7420;0.37855901316075768;7420;2.3517563402203439;7420;2.250129703665273
7430;145.79302346873379;7430;23.731192968535417;7430;87.783440656758344;7430;0.37832175531286127;7430;2.3569444868312632;7430;2.250129703665273
7440;145.86626789147618;7440;23.743400372325816;7440;87.881099887081533;7440;0.37812404043961423;7440;2.3563341166417433;7440;2.250129703665273
7450;145.7197790459914;7450;23.731192968535417;7450;87.844477675710337;7450;0.3777681536677695;7450;2.3450422681356242;7450;2.250129703665273
7460;145.829645680105;7460;23.694570757164222;7460;87.783440656758344;7460;0.37749135284522367;7460;2.3575548570207832;7460;2.250129703665273
7470;145.768608661153;7470;23.621326334421827;7470;87.783440656758344;7470;0.37721455202267773;7470;2.3554185613574634;7470;2.250129703665273
7480;145.7441938535722;7480;23.609118930631428;7480;87.942136906033525;7480;0.37697729417478132;7480;2.3477889339884639;7480;2.250129703665273
7490;145.707571642201;7490;23.621326334421827;7490;88.039796136356713;7490;0.37670049335223543;7490;2.3407696768089847;7490;2.250129703665273
7500;145.84185308389539;7500;23.633533738212225;7500;87.868892483291134;7500;0.37650277847898844;7500;2.358470412305063;7500;2.250129703665273
7510;145.84185308389539;7510;23.59691152684103;7510;88.015381328775916;7510;0.3762259776564425;7510;2.3548081911679435;7510;2.250129703665273
7520;145.7319864497818;7520;23.51145970030824;7520;88.06421094393751;7520;0.37590963385924725;7520;2.3426007873775445;7520;2.250129703665273
7530;145.91509750663778;7530;23.633533738212225;7530;87.942136906033525;7530;0.37563283303670142;7530;2.350840784936064;7530;2.250129703665273
7540;145.98834192938017;7540;23.621326334421827;7540;87.82006286812954;7540;0.37531648923950611;7540;2.3603015228736228;7540;2.250129703665273
7550;145.92730491042818;7550;23.548081911679436;7550;87.807855464339141;7550;0.37511877436625907;7550;2.358470412305063;7550;2.250129703665273
7560;145.7197790459914;7560;23.59691152684103;7560;87.82006286812954;7560;0.37492105949301197;7560;2.3459578234199041;7560;2.250129703665273
7570;145.85406048768579;7570;23.548081911679436;7570;87.868892483291134;7570;0.37464425867046613;7570;2.3572496719260232;7570;2.250129703665273
7580;145.707571642201;7580;23.51145970030824;7580;87.844477675710337;7580;0.37428837189862146;7580;2.3563341166417433;7580;2.250129703665273
7590;145.707571642201;7590;23.523667104098639;7590;87.881099887081533;7590;0.37397202810142616;7590;2.3572496719260232;7590;2.250129703665273
7600;145.768608661153;7600;23.51145970030824;7600;88.039796136356713;7600;0.37369522727888016;7600;2.3517563402203439;7600;2.250129703665273
7610;145.81743827631459;7610;23.572496719260233;7610;87.942136906033525;7610;0.37341842645633433;7610;2.3551133762627035;7610;2.250129703665273
7620;145.92730491042818;7620;23.621326334421827;7620;87.856685079500735;7620;0.3731416256337885;7620;2.3548081911679435;7620;2.250129703665273
7630;145.79302346873379;7630;23.633533738212225;7630;87.832270271919938;7630;0.37282528183659325;7630;2.3541978209784236;7630;2.250129703665273
7640;145.7441938535722;7640;23.731192968535417;7640;87.771233252967946;7640;0.37254848101404731;7640;2.3566393017365033;7640;2.250129703665273
7650;145.65874202703938;7650;23.694570757164222;7650;87.710196234015953;7650;0.37227168019150148;7650;2.350840784936064;7650;2.250129703665273
7660;145.7441938535722;7660;23.682363353373823;7660;87.82006286812954;7660;0.37203442234360506;7660;2.3575548570207832;7660;2.250129703665273
7670;145.67094943082978;7670;23.572496719260233;7670;87.807855464339141;7670;0.37179716449570854;7670;2.3514511551255839;7670;2.250129703665273
7680;145.86626789147618;7680;23.499252296517842;7680;87.673574022644729;7680;0.37152036367316271;7680;2.3541978209784236;7680;2.250129703665273
7690;145.7441938535722;7690;23.548081911679436;7690;87.673574022644729;7690;0.37128310582526619;7690;2.3496200445570241;7690;2.250129703665273
7700;145.7564012573626;7700;23.645741142002624;7700;87.722403637806352;7700;0.37096676202807094;7700;2.3554185613574634;7700;2.250129703665273
7710;145.85406048768579;7710;23.694570757164222;7710;87.746818445387149;7710;0.37065041823087569;7710;2.3517563402203439;7710;2.250129703665273
7720;145.86626789147618;7720;23.572496719260233;7720;87.783440656758344;7720;0.37037361740832986;7720;2.3480941190832239;7720;2.250129703665273
7730;145.829645680105;7730;23.682363353373823;7730;87.82006286812954;7730;0.37013635956043334;7730;2.3532822656941437;7730;2.250129703665273
7740;145.7319864497818;7740;23.743400372325816;7740;87.73461104159675;7740;0.36982001576323809;7740;2.3566393017365033;7740;2.250129703665273
7750;145.80523087252419;7750;23.694570757164222;7750;87.807855464339141;7750;0.36958275791534168;7750;2.3520615253151038;7750;2.250129703665273
7760;145.65874202703938;7760;23.70677816095462;7760;87.844477675710337;7760;0.36930595709279573;7760;2.3383281960509046;7760;2.250129703665273
7770;145.829645680105;7770;23.70677816095462;7770;87.783440656758344;7770;0.36898961329560048;7770;2.3557237464522234;7770;2.250129703665273
7780;145.829645680105;7780;23.645741142002624;7780;87.746818445387149;7780;0.36867326949840512;7780;2.3551133762627035;7780;2.250129703665273
7790;145.829645680105;7790;23.694570757164222;7790;87.82006286812954;7790;0.3684360116505086;7790;2.346568193609424;7790;2.250129703665273
7800;145.829645680105;7800;23.718985564745019;7800;87.868892483291134;7800;0.36823829677726155;7800;2.3419904171880246;7800;2.250129703665273
7810;145.95171971800897;7810;23.755607776116214;7810;87.685781426435128;7810;0.3679219529800663;7810;2.358470412305063;7810;2.250129703665273
7820;145.90289010284738;7820;23.682363353373823;7820;87.771233252967946;7820;0.367605609182871;7820;2.3563341166417433;7820;2.250129703665273
7830;145.79302346873379;7830;23.560289315469834;7830;87.856685079500735;7830;0.36732880836032517;7830;2.3441267128513443;7830;2.250129703665273
7840;145.86626789147618;7840;23.682363353373823;7840;87.807855464339141;7840;0.36701246456312991;7840;2.3551133762627035;7840;2.250129703665273
7850;145.707571642201;7850;23.682363353373823;7850;87.807855464339141;7850;0.36669612076593461;7850;2.3593859675893429;7850;2.250129703665273
7860;145.7564012573626;7860;23.694570757164222;7860;87.868892483291134;7860;0.36641931994338878;7860;2.3551133762627035;7860;2.250129703665273
7870;145.65874202703938;7870;23.645741142002624;7870;87.82006286812954;7870;0.36618206209549231;7870;2.3419904171880246;7870;2.250129703665273
7880;145.80523087252419;7880;23.621326334421827;7880;87.82006286812954;7880;0.3659448042475959;7880;2.3563341166417433;7880;2.250129703665273
7890;145.79302346873379;7890;23.609118930631428;7890;87.978759117404721;7890;0.36570754639969938;7890;2.3541978209784236;7890;2.250129703665273
7900;145.79302346873379;7900;23.633533738212225;7900;88.003173924985518;7900;0.36539120260250413;7900;2.3477889339884639;7900;2.250129703665273
7910;145.79302346873379;7910;23.682363353373823;7910;87.942136906033525;7910;0.36511440177995824;7910;2.3477889339884639;7910;2.250129703665273
7920;145.89068269905698;7920;23.572496719260233;7920;87.844477675710337;7920;0.36479805798276294;7920;2.3596911526841029;7920;2.250129703665273
7930;145.89068269905698;7930;23.59691152684103;7930;87.856685079500735;7930;0.36448171418556768;7930;2.3551133762627035;7930;2.250129703665273
7940;145.64653462324898;7940;23.657948545793023;7940;87.868892483291134;7940;0.3642049133630218;7940;2.3416852320932646;7940;2.250129703665273
7950;145.85406048768579;7950;23.79222998748741;7950;87.832270271919938;7950;0.36392811254047597;7950;2.3554185613574634;7950;2.250129703665273
7960;145.81743827631459;7960;23.755607776116214;7960;87.844477675710337;7960;0.36373039766722864;7960;2.3581652272103031;7960;2.250129703665273
7970;145.84185308389539;7970;23.743400372325816;7970;87.954344309823924;7970;0.36353268279398165;7970;2.3520615253151038;7970;2.250129703665273
7980;145.7564012573626;7980;23.828852198858606;7980;87.978759117404721;7980;0.36329542494608519;7980;2.3407696768089847;7980;2.250129703665273
7990;145.89068269905698;7990;23.718985564745019;7990;87.929929502243127;7990;0.36305816709818872;7990;2.3581652272103031;7990;2.250129703665273
8000;145.86626789147618;8000;23.59691152684103;8000;87.881099887081533;8000;0.36274182330099347;8000;2.3551133762627035;8000;2.250129703665273
8010;145.7441938535722;8010;23.633533738212225;8010;87.832270271919938;8010;0.36246502247844758;8010;2.3441267128513443;8010;2.250129703665273
8020;145.81743827631459;8020;23.633533738212225;8020;87.832270271919938;8020;0.36226730760520048;8020;2.3480941190832239;8020;2.250129703665273
8030;145.768608661153;8030;23.633533738212225;8030;87.783440656758344;8030;0.36195096380800523;8030;2.3596911526841029;8030;2.250129703665273
8040;145.89068269905698;8040;23.645741142002624;8040;87.868892483291134;8040;0.36163462001081;8040;2.3554185613574634;8040;2.250129703665273
8050;145.80523087252419;8050;23.621326334421827;8050;87.856685079500735;8050;0.36135781918826415;8050;2.3401593066194648;8050;2.250129703665273
8060;145.81743827631459;8060;23.657948545793023;8060;87.868892483291134;8060;0.36104147539106879;8060;2.3563341166417433;8060;2.250129703665273
8070;145.768608661153;8070;23.621326334421827;8070;87.844477675710337;8070;0.36072513159387354;8070;2.358470412305063;8070;2.250129703665273
8080;145.91509750663778;8080;23.743400372325816;8080;87.832270271919938;8080;0.36044833077132771;8080;2.3538926358836636;8080;2.250129703665273
8090;145.93951231421858;8090;23.79222998748741;8090;87.868892483291134;8090;0.36017152994878182;8090;2.346568193609424;8090;2.250129703665273
8100;145.91509750663778;8100;23.718985564745019;8100;87.649159215063932;8100;0.35989472912623593;8100;2.3603015228736228;8100;2.250129703665273
8110;145.85406048768579;8110;23.731192968535417;8110;87.722403637806352;8110;0.35957838532904068;8110;2.3563341166417433;8110;2.250129703665273
8120;145.81743827631459;8120;23.731192968535417;8120;87.746818445387149;8120;0.35926204153184538;8120;2.3453474532303842;8120;2.250129703665273
8130;145.91509750663778;8130;23.804437391277808;8130;87.685781426435128;8130;0.35902478368394897;8130;2.3480941190832239;8130;2.250129703665273
8140;145.84185308389539;8140;23.743400372325816;8140;87.746818445387149;8140;0.3587875258360525;8140;2.3575548570207832;8140;2.250129703665273
8150;145.80523087252419;8150;23.70677816095462;8150;87.844477675710337;8150;0.35855026798815592;8150;2.3557237464522234;8150;2.250129703665273
8160;145.68315683462018;8160;23.548081911679436;8160;87.783440656758344;8160;0.35831301014025946;8160;2.3432111575670644;8160;2.250129703665273
8170;146.08600115970336;8170;23.560289315469834;8170;87.722403637806352;8170;0.35803620931771357;8170;2.3557237464522234;8170;2.250129703665273
8180;145.95171971800897;8180;23.621326334421827;8180;87.832270271919938;8180;0.35775940849516774;8180;2.3557237464522234;8180;2.250129703665273
8190;145.68315683462018;8190;23.694570757164222;8190;87.82006286812954;8190;0.35744306469797249;8190;2.3520615253151038;8190;2.250129703665273
8200;145.65874202703938;8200;23.694570757164222;8200;87.783440656758344;8200;0.357205806850076;8200;2.3447370830408643;8200;2.250129703665273
8210;145.85406048768579;8210;23.657948545793023;8210;87.722403637806352;8210;0.35692900602753014;8210;2.3593859675893429;8210;2.250129703665273
8220;145.84185308389539;8220;23.731192968535417;8220;87.710196234015953;8220;0.35669174817963367;8220;2.3541978209784236;8220;2.250129703665273
8230;145.768608661153;8230;23.657948545793023;8230;87.771233252967946;8230;0.35637540438243842;8230;2.3422956022827846;8230;2.250129703665273
8240;145.86626789147618;8240;23.682363353373823;8240;87.856685079500735;8240;0.35605906058524311;8240;2.3490096743675042;8240;2.250129703665273
8250;145.7319864497818;8250;23.70677816095462;8250;87.844477675710337;8250;0.35570317381339844;8250;2.3578600421155431;8250;2.250129703665273
8260;145.90289010284738;8260;23.657948545793023;8260;87.90551469466233;8260;0.35542637299085256;8260;2.3548081911679435;8260;2.250129703665273
8270;145.89068269905698;8270;23.70677816095462;8270;87.881099887081533;8270;0.35518911514295609;8270;2.3401593066194648;8270;2.250129703665273
8280;145.95171971800897;8280;23.755607776116214;8280;87.722403637806352;8280;0.35499140026970905;8280;2.3569444868312632;8280;2.250129703665273
8290;145.84185308389539;8290;23.70677816095462;8290;87.783440656758344;8290;0.35471459944716321;8290;2.3569444868312632;8290;2.250129703665273
8300;145.80523087252419;8300;23.743400372325816;8300;87.90551469466233;8300;0.35439825564996791;8300;2.350230414746544;8300;2.250129703665273
8310;145.7441938535722;8310;23.731192968535417;8310;87.832270271919938;8310;0.354121454827422;8310;2.3456526383251441;8310;2.250129703665273
8320;145.80523087252419;8320;23.682363353373823;8320;87.783440656758344;8320;0.35380511103022677;8320;2.3599963377788629;8320;2.250129703665273
8330;145.92730491042818;8330;23.79222998748741;8330;87.90551469466233;8330;0.35360739615697961;8330;2.3557237464522234;8330;2.250129703665273
8340;145.67094943082978;8340;23.755607776116214;8340;87.90551469466233;8340;0.35333059533443373;8340;2.3435163426618244;8340;2.250129703665273
8350;145.768608661153;8350;23.755607776116214;8350;87.856685079500735;8350;0.35309333748653726;8350;2.3529770805993837;8350;2.250129703665273
8360;145.768608661153;8360;23.780022583697011;8360;87.722403637806352;8360;0.35281653666399138;8360;2.3575548570207832;8360;2.250129703665273
8370;145.89068269905698;8370;23.780022583697011;8370;87.73461104159675;8370;0.35253973584144555;8370;2.3523667104098638;8370;2.250129703665273
8380;145.829645680105;8380;23.743400372325816;8380;87.844477675710337;8380;0.35226293501889966;8380;2.3392437513351849;8380;2.250129703665273
8390;145.85406048768579;8390;23.70677816095462;8390;87.759025849177547;8390;0.35202567717100325;8390;2.3578600421155431;8390;2.250129703665273
8400;145.829645680105;8400;23.718985564745019;8400;87.807855464339141;8400;0.35170933337380794;8400;2.3569444868312632;8400;2.250129703665273
8410;145.65874202703938;8410;23.731192968535417;8410;87.783440656758344;8410;0.35143253255126206;8410;2.346568193609424;8410;2.250129703665273
8420;145.67094943082978;8420;23.755607776116214;8420;87.807855464339141;8420;0.35123481767801507;8420;2.3459578234199041;8420;2.250129703665273
8430;145.7319864497818;8430;23.657948545793023;8430;87.844477675710337;8430;0.35095801685546918;8430;2.3609118930631428;8430;2.250129703665273
8440;145.768608661153;8440;23.718985564745019;8440;87.868892483291134;8440;0.35068121603292335;8440;2.3566393017365033;8440;2.250129703665273
8450;145.585497604297;8450;23.755607776116214;8450;87.90551469466233;8450;0.3502857862864292;8450;2.3407696768089847;8450;2.250129703665273
8460;145.7319864497818;8460;23.718985564745019;8460;87.942136906033525;8460;0.35004852843853274;8460;2.3545030060731835;8460;2.250129703665273
8470;145.80523087252419;8470;23.694570757164222;8470;87.881099887081533;8470;0.34981127059063616;8470;2.3581652272103031;8470;2.250129703665273
8480;145.90289010284738;8480;23.645741142002624;8480;87.771233252967946;8480;0.34949492679344091;8480;2.3526718955046237;8480;2.250129703665273
8490;145.86626789147618;8490;23.682363353373823;8490;87.783440656758344;8490;0.34921812597089508;8490;2.3419904171880246;8490;2.250129703665273
8500;145.93951231421858;8500;23.743400372325816;8500;87.685781426435128;8500;0.34898086812299861;8500;2.358470412305063;8500;2.250129703665273
8510;145.86626789147618;8510;23.682363353373823;8510;87.881099887081533;8510;0.3486645243258033;8510;2.3581652272103031;8510;2.250129703665273
8520;145.7441938535722;8520;23.633533738212225;8520;88.015381328775916;8520;0.34838772350325747;8520;2.3520615253151038;8520;2.250129703665273
8530;145.84185308389539;8530;23.694570757164222;8530;87.844477675710337;8530;0.34811092268071159;8530;2.3520615253151038;8530;2.250129703665273
8540;145.79302346873379;8540;23.694570757164222;8540;87.759025849177547;8540;0.3478341218581657;8540;2.3578600421155431;8540;2.250129703665273
EOF;;;;;;;;;;;
