Name;Scope Project1;
File;C:\Users\Tobno\Desktop\VentilDeadband\MainNed\-20prosent.csv;
Starttime of export;134214171997500000;torsdag 23. april 2026;13:26:39.750
Endtime of export;134214172070933872;torsdag 23. april 2026;13:26:47.093


Name;fPresSupply_bar (1);Name;fPres2A_bar;Name;fPres2B_bar;Name;fCylinder2_mm;Name;fValve2_V;Name;fSensor2_V

0;152.88552507095554;0;0;0;0.57374797814874723;0;510.31620469259394;0;4.000061037018952;0;4.0958891567735831
10;152.97097689748833;10;0;10;0.53712576677755064;10;510.31620469259394;10;4.000061037018952;10;4.0995513779107027
20;152.94656208990753;20;0;20;0.46388134403515735;20;510.31620469259394;20;4.000061037018952;20;4.0961943418683431
30;153.01980651264992;30;0;30;0.5127109591967528;30;510.31620469259394;30;4.000061037018952;30;4.1001617481002226
40;153.01980651264992;40;0;40;0.52491836298715167;40;510.27666171794453;40;4.000061037018952;40;4.0958891567735831
50;153.00759910885952;50;0;50;0.50050355540635394;50;510.27666171794453;50;4.000061037018952;50;4.0986358226264228
60;152.99539170506912;60;0;60;0.45167394024475843;60;510.35574766724341;60;4.000061037018952;60;4.096804712057863
70;152.94656208990753;70;0;70;0.43946653645435957;70;510.31620469259394;70;4.000061037018952;70;4.097109897152623
80;152.89773247474594;80;0.024414807580797754;80;0.52491836298715167;80;510.27666171794453;80;4.000061037018952;80;4.0983306375316628
90;152.97097689748833;90;0;90;0.5493331705679495;90;510.27666171794453;90;4.000061037018952;90;4.096804712057863
100;153.04422132023072;100;0;100;0.5493331705679495;100;510.27666171794453;100;4.000061037018952;100;4.0995513779107027
110;152.92214728232673;110;0;110;0.53712576677755064;110;510.27666171794453;110;4.000061037018952;110;4.0952787865840632
120;152.98318430127873;120;0;120;0.52491836298715167;120;510.35574766724341;120;4.000061037018952;120;4.0998565630054626
130;152.98318430127873;130;0;130;0.5493331705679495;130;510.35574766724341;130;4.000061037018952;130;4.0958891567735831
140;153.10525833918271;140;0;140;0.52491836298715167;140;510.27666171794453;140;4.000061037018952;140;4.0977202673421429
150;153.11746574297311;150;0.024414807580797754;150;0.47608874782555621;150;510.27666171794453;150;4.000061037018952;150;4.0949736014893032
160;153.01980651264992;160;0;160;0.53712576677755064;160;510.31620469259394;160;4.000061037018952;160;4.0974150822473829
170;153.11746574297311;170;0;170;0.5493331705679495;170;510.35574766724341;170;4.000061037018952;170;4.0974150822473829
180;153.01980651264992;180;0.012207403790398877;180;0.52491836298715167;180;510.31620469259394;180;4.000061037018952;180;4.0958891567735831
190;153.00759910885952;190;0;190;0.57374797814874723;190;510.27666171794453;190;4.000061037018952;190;4.0983306375316628
200;152.90993987853633;200;0;200;0.57374797814874723;200;510.27666171794453;200;4.000061037018952;200;4.0961943418683431
210;152.95876949369793;210;0.012207403790398877;210;0.53712576677755064;210;510.31620469259394;210;4.000061037018952;210;4.0995513779107027
220;152.95876949369793;220;0.024414807580797754;220;0.5127109591967528;220;510.39529064189281;220;4.000061037018952;220;4.0952787865840632
230;153.04422132023072;230;0;230;0.52491836298715167;230;510.31620469259394;230;4.000061037018952;230;4.0995513779107027
240;152.92214728232673;240;0;240;0.57374797814874723;240;510.31620469259394;240;4.000061037018952;240;4.0958891567735831
250;152.95876949369793;250;0;250;0.57374797814874723;250;510.35574766724341;250;4.000061037018952;250;4.0974150822473829
260;153.10525833918271;260;0;260;0.62257759331034268;260;510.31620469259394;260;4.000061037018952;260;4.096804712057863
270;153.06863612781152;270;0;270;0.57374797814874723;270;510.31620469259394;270;4.000061037018952;270;4.0977202673421429
280;153.00759910885952;280;0;280;0.56154057435834837;280;510.31620469259394;280;4.000061037018952;280;4.0983306375316628
290;152.99539170506912;290;0;290;0.62257759331034268;290;510.31620469259394;290;4.000061037018952;290;4.096804712057863
300;152.95876949369793;300;0;300;0.64699240089114041;300;510.31620469259394;300;4.000061037018952;300;4.1001617481002226
310;152.88552507095554;310;0;310;0.62257759331034268;310;510.27666171794453;310;4.000061037018952;310;4.0961943418683431
320;153.08084353160191;320;0;320;0.5493331705679495;320;510.35574766724341;320;4.000061037018952;320;4.0986358226264228
330;153.05642872402112;330;0;330;0.5493331705679495;330;510.35574766724341;330;4.000061037018952;330;4.0952787865840632
340;153.00759910885952;340;0;340;0.57374797814874723;340;510.27666171794453;340;4.000061037018952;340;4.0992461928159427
350;152.97097689748833;350;0;350;0.52491836298715167;350;510.31620469259394;350;4.000061037018952;350;4.0961943418683431
360;153.00759910885952;360;0;360;0.50050355540635394;360;510.35574766724341;360;4.000061037018952;360;4.0977202673421429
370;153.10525833918271;370;0;370;0.53712576677755064;370;510.35574766724341;370;4.000061037018952;370;4.0980254524369029
380;152.94656208990753;380;0;380;0.5127109591967528;380;510.31620469259394;380;4.000061037018952;380;4.097109897152623
390;152.87331766716514;390;0;390;0.56154057435834837;390;510.27666171794453;390;4.000061037018952;390;4.0986358226264228
400;153.00759910885952;400;0;400;0.63478499710074154;400;510.27666171794453;400;4.000061037018952;400;4.0958891567735831
410;152.97097689748833;410;0;410;0.61037018951994382;410;510.27666171794453;410;4.000061037018952;410;4.1007721182897425
420;152.88552507095554;420;0;420;0.56154057435834837;420;510.27666171794453;420;4.000061037018952;420;4.0958891567735831
430;153.09305093539231;430;0;430;0.5493331705679495;430;510.31620469259394;430;4.000061037018952;430;4.0983306375316628
440;153.1662953581347;440;0;440;0.53712576677755064;440;510.31620469259394;440;4.000061037018952;440;4.0955839716788232
450;153.08084353160191;450;0;450;0.56154057435834837;450;510.27666171794453;450;4.000061037018952;450;4.0983306375316628
460;152.88552507095554;460;0;460;0.598162785729545;460;510.27666171794453;460;4.000061037018952;460;4.0974150822473829
470;152.82448805200355;470;0;470;0.56154057435834837;470;510.31620469259394;470;4.000061037018952;470;4.096804712057863
480;152.87331766716514;480;0;480;0.61037018951994382;480;510.39529064189281;480;4.000061037018952;480;4.0983306375316628
490;152.94656208990753;490;0;490;0.63478499710074154;490;510.39529064189281;490;4.000061037018952;490;4.097109897152623
500;152.99539170506912;500;0;500;0.62257759331034268;500;510.35574766724341;500;4.000061037018952;500;4.1001617481002226
510;152.94656208990753;510;0;510;0.62257759331034268;510;510.31620469259394;510;4.000061037018952;510;4.0958891567735831
520;152.83669545579394;520;0;520;0.57374797814874723;520;510.27666171794453;520;4.000061037018952;520;4.0995513779107027
530;152.72682882168033;530;0.024414807580797754;530;0.56154057435834837;530;510.31620469259394;530;4.000061037018952;530;4.0958891567735831
540;152.86111026337474;540;0;540;0.598162785729545;540;510.35574766724341;540;4.000061037018952;540;4.0992461928159427
550;152.86111026337474;550;0;550;0.5493331705679495;550;510.39529064189281;550;4.000061037018952;550;4.0961943418683431
560;152.76345103305155;560;0;560;0.5493331705679495;560;510.31620469259394;560;4.000061037018952;560;4.0986358226264228
570;152.77565843684195;570;0;570;0.57374797814874723;570;510.27666171794453;570;4.000061037018952;570;4.0986358226264228
580;152.78786584063235;580;0;580;0.56154057435834837;580;510.31620469259394;580;4.000061037018952;580;4.097109897152623
590;152.94656208990753;590;0;590;0.598162785729545;590;510.35574766724341;590;4.000061037018952;590;4.0998565630054626
600;152.97097689748833;600;0;600;0.63478499710074154;600;510.35574766724341;600;4.000061037018952;600;4.0961943418683431
610;152.88552507095554;610;0.024414807580797754;610;0.63478499710074154;610;510.39529064189281;610;4.000061037018952;610;4.0995513779107027
620;152.83669545579394;620;0;620;0.62257759331034268;620;510.35574766724341;620;4.000061037018952;620;4.0958891567735831
630;152.90993987853633;630;0;630;0.62257759331034268;630;510.39529064189281;630;4.000061037018952;630;4.0995513779107027
640;152.90993987853633;640;0;640;0.62257759331034268;640;510.35574766724341;640;4.000061037018952;640;4.096804712057863
650;152.94656208990753;650;0;650;0.67140720847193835;650;510.27666171794453;650;4.000061037018952;650;4.0983306375316628
660;152.99539170506912;660;0;660;0.73244422742393267;660;510.31620469259394;660;4.000061037018952;660;4.0980254524369029
670;153.06863612781152;670;0;670;0.70802941984313483;670;510.27666171794453;670;4.000061037018952;670;4.0983306375316628
680;153.05642872402112;680;0;680;0.64699240089114041;680;510.27666171794453;680;4.000061037018952;680;4.0992461928159427
690;152.86111026337474;690;0;690;0.67140720847193835;690;510.27666171794453;690;4.000061037018952;690;4.0974150822473829
700;152.90993987853633;700;0;700;0.70802941984313483;700;510.27666171794453;700;4.000061037018952;700;4.1004669331949826
710;152.94656208990753;710;0;710;0.67140720847193835;710;510.23711874329518;710;4.000061037018952;710;4.096804712057863
720;152.98318430127873;720;0;720;0.64699240089114041;720;510.23711874329518;720;4.000061037018952;720;4.0995513779107027
730;152.94656208990753;730;0;730;0.61037018951994382;730;510.31620469259394;730;4.000061037018952;730;4.0961943418683431
740;152.99539170506912;740;0;740;0.61037018951994382;740;510.35574766724341;740;4.000061037018952;740;4.1001617481002226
750;153.05642872402112;750;0.012207403790398877;750;0.64699240089114041;750;510.39529064189281;750;4.000061037018952;750;4.0977202673421429
760;153.04422132023072;760;0;760;0.65919980468153938;760;510.39529064189281;760;4.000061037018952;760;4.0980254524369029
770;153.04422132023072;770;0;770;0.67140720847193835;770;510.35574766724341;770;4.000061037018952;770;4.0983306375316628
780;153.06863612781152;780;0;780;0.73244422742393267;780;510.27666171794453;780;4.000061037018952;780;4.0974150822473829
790;152.92214728232673;790;0;790;0.74465163121433142;790;510.35574766724341;790;4.000061037018952;790;4.0995513779107027
800;152.80007324442275;800;0;800;0.72023682363353381;800;510.27666171794453;800;4.000061037018952;800;4.0974150822473829
810;152.97097689748833;810;0;810;0.73244422742393267;810;510.31620469259394;810;4.000061037018952;810;4.1007721182897425
820;152.99539170506912;820;0.012207403790398877;820;0.67140720847193835;820;510.35574766724341;820;4.000061037018952;820;4.0961943418683431
830;152.97097689748833;830;0;830;0.63478499710074154;830;510.27666171794453;830;4.000061037018952;830;4.0998565630054626
840;152.89773247474594;840;0;840;0.63478499710074154;840;510.27666171794453;840;4.000061037018952;840;4.0977202673421429
850;152.98318430127873;850;0;850;0.70802941984313483;850;510.31620469259394;850;4.000061037018952;850;4.0992461928159427
860;153.01980651264992;860;0;860;0.70802941984313483;860;510.27666171794453;860;4.000061037018952;860;4.0977202673421429
870;152.99539170506912;870;0;870;0.61037018951994382;870;510.23711874329518;870;4.000061037018952;870;4.0980254524369029
880;153.05642872402112;880;0;880;0.67140720847193835;880;510.35574766724341;880;4.000061037018952;880;4.0995513779107027
890;153.01980651264992;890;0;890;0.72023682363353381;890;510.35574766724341;890;4.000061037018952;890;4.097109897152623
900;153.00759910885952;900;0;900;0.73244422742393267;900;510.31620469259394;900;4.000061037018952;900;4.0998565630054626
910;152.97097689748833;910;0;910;0.7568590350047304;910;510.31620469259394;910;4.000061037018952;910;4.097109897152623
920;153.08084353160191;920;0.012207403790398877;920;0.73244422742393267;920;510.35574766724341;920;4.000061037018952;920;4.0995513779107027
930;152.94656208990753;930;0.012207403790398877;930;0.68361461226233711;930;510.39529064189281;930;4.000061037018952;930;4.0958891567735831
940;152.94656208990753;940;0;940;0.73244422742393267;940;510.35574766724341;940;4.000061037018952;940;4.0992461928159427
950;153.04422132023072;950;0;950;0.73244422742393267;950;510.31620469259394;950;4.000061037018952;950;4.097109897152623
960;152.94656208990753;960;0;960;0.70802941984313483;960;510.31620469259394;960;4.000061037018952;960;4.0980254524369029
970;152.99539170506912;970;0;970;0.67140720847193835;970;510.31620469259394;970;4.000061037018952;970;4.0986358226264228
980;152.90993987853633;980;0;980;0.68361461226233711;980;510.27666171794453;980;4.000061037018952;980;4.0974150822473829
990;152.88552507095554;990;0;990;0.73244422742393267;990;510.31620469259394;990;4.000061037018952;990;4.0992461928159427
1000;152.87331766716514;1000;0.024414807580797754;1000;0.73244422742393267;1000;510.31620469259394;1000;4.000061037018952;1000;4.0961943418683431
1010;152.80007324442275;1010;0.036622211371196631;1010;0.7568590350047304;1010;510.27666171794453;1010;4.000061037018952;1010;4.0998565630054626
1020;152.80007324442275;1020;0;1020;0.73244422742393267;1020;510.23711874329518;1020;4.000061037018952;1020;4.0958891567735831
1030;153.00759910885952;1030;0;1030;0.68361461226233711;1030;510.31620469259394;1030;4.000061037018952;1030;4.0995513779107027
1040;153.05642872402112;1040;0;1040;0.74465163121433142;1040;510.27666171794453;1040;4.000061037018952;1040;4.096804712057863
1050;153.00759910885952;1050;0;1050;0.73244422742393267;1050;510.23711874329518;1050;4.000061037018952;1050;4.0992461928159427
1060;153.00759910885952;1060;0;1060;0.72023682363353381;1060;510.31620469259394;1060;4.000061037018952;1060;4.0977202673421429
1070;153.04422132023072;1070;0;1070;0.7568590350047304;1070;510.35574766724341;1070;4.000061037018952;1070;4.0974150822473829
1080;153.00759910885952;1080;0;1080;0.7568590350047304;1080;510.31620469259394;1080;4.000061037018952;1080;4.0986358226264228
1090;152.88552507095554;1090;0;1090;0.7568590350047304;1090;510.27666171794453;1090;4.000061037018952;1090;4.096804712057863
1100;152.92214728232673;1100;0;1100;0.78127384258552812;1100;510.35574766724341;1100;4.000061037018952;1100;4.1004669331949826
1110;152.90993987853633;1110;0;1110;0.76906643879512937;1110;510.35574766724341;1110;4.000061037018952;1110;4.0977202673421429
1120;152.87331766716514;1120;0;1120;0.70802941984313483;1120;510.35574766724341;1120;4.000061037018952;1120;4.1001617481002226
1130;152.86111026337474;1130;0;1130;0.73244422742393267;1130;510.35574766724341;1130;4.000061037018952;1130;4.0961943418683431
1140;153.06863612781152;1140;0;1140;0.81789605395672471;1140;510.35574766724341;1140;4.000061037018952;1140;4.0992461928159427
1150;153.10525833918271;1150;0;1150;0.78127384258552812;1150;510.39529064189281;1150;4.000061037018952;1150;4.097109897152623
1160;152.90993987853633;1160;0;1160;0.70802941984313483;1160;510.35574766724341;1160;4.000061037018952;1160;4.0977202673421429
1170;152.81228064821315;1170;0;1170;0.73244422742393267;1170;510.35574766724341;1170;4.000061037018952;1170;4.0980254524369029
1180;152.90993987853633;1180;0;1180;0.78127384258552812;1180;510.27666171794453;1180;4.000061037018952;1180;4.0980254524369029
1190;152.95876949369793;1190;0;1190;0.85451826532792141;1190;510.31620469259394;1190;4.000061037018952;1190;4.0995513779107027
1200;152.89773247474594;1200;0;1200;0.80568865016632585;1200;510.31620469259394;1200;4.000061037018952;1200;4.0958891567735831
1210;152.92214728232673;1210;0;1210;0.74465163121433142;1210;510.31620469259394;1210;4.000061037018952;1210;4.1001617481002226
1220;152.86111026337474;1220;0;1220;0.7568590350047304;1220;510.31620469259394;1220;4.000061037018952;1220;4.0958891567735831
1230;152.94656208990753;1230;0.012207403790398877;1230;0.73244422742393267;1230;510.35574766724341;1230;4.000061037018952;1230;4.0983306375316628
1240;152.92214728232673;1240;0;1240;0.7568590350047304;1240;510.31620469259394;1240;4.000061037018952;1240;4.0961943418683431
1250;152.99539170506912;1250;0;1250;0.81789605395672471;1250;510.23711874329518;1250;4.000061037018952;1250;4.0986358226264228
1260;153.06863612781152;1260;0.012207403790398877;1260;0.81789605395672471;1260;510.31620469259394;1260;4.000061037018952;1260;4.0980254524369029
1270;152.92214728232673;1270;0;1270;0.76906643879512937;1270;510.35574766724341;1270;4.000061037018952;1270;4.0977202673421429
1280;153.04422132023072;1280;0;1280;0.76906643879512937;1280;510.27666171794453;1280;4.000061037018952;1280;4.0986358226264228
1290;153.15408795434431;1290;0;1290;0.83010345774712357;1290;510.27666171794453;1290;4.000061037018952;1290;4.096804712057863
1300;153.11746574297311;1300;0;1300;0.84231086153752255;1300;510.35574766724341;1300;4.000061037018952;1300;4.0995513779107027
1310;152.95876949369793;1310;0;1310;0.76906643879512937;1310;510.27666171794453;1310;4.000061037018952;1310;4.0958891567735831
1320;152.83669545579394;1320;0;1320;0.74465163121433142;1320;510.23711874329518;1320;4.000061037018952;1320;4.0995513779107027
1330;152.94656208990753;1330;0;1330;0.80568865016632585;1330;510.27666171794453;1330;4.000061037018952;1330;4.0961943418683431
1340;152.95876949369793;1340;0;1340;0.87893307290871914;1340;510.31620469259394;1340;4.000061037018952;1340;4.0986358226264228
1350;152.81228064821315;1350;0;1350;0.91555528427991573;1350;510.35574766724341;1350;4.000061037018952;1350;4.096804712057863
1360;152.83669545579394;1360;0;1360;0.86672566911832027;1360;510.35574766724341;1360;4.000061037018952;1360;4.0977202673421429
1370;152.90993987853633;1370;0;1370;0.86672566911832027;1370;510.35574766724341;1370;4.000061037018952;1370;4.0980254524369029
1380;153.10525833918271;1380;0.012207403790398877;1380;0.85451826532792141;1380;510.31620469259394;1380;4.000061037018952;1380;4.0974150822473829
1390;152.99539170506912;1390;0.024414807580797754;1390;0.84231086153752255;1390;510.31620469259394;1390;4.000061037018952;1390;4.1004669331949826
1400;152.73903622547076;1400;0.012207403790398877;1400;0.81789605395672471;1400;510.31620469259394;1400;4.000061037018952;1400;4.0974150822473829
1410;152.80007324442275;1410;0;1410;0.74465163121433142;1410;510.35574766724341;1410;4.000061037018952;1410;4.0998565630054626
1420;152.76345103305155;1420;0;1420;0.81789605395672471;1420;510.35574766724341;1420;4.000061037018952;1420;4.0955839716788232
1430;152.90993987853633;1430;0;1430;0.91555528427991573;1430;510.31620469259394;1430;4.000061037018952;1430;4.0992461928159427
1440;153.00759910885952;1440;0.012207403790398877;1440;0.86672566911832027;1440;510.31620469259394;1440;4.000061037018952;1440;4.097109897152623
1450;152.99539170506912;1450;0;1450;0.80568865016632585;1450;510.31620469259394;1450;4.000061037018952;1450;4.0995513779107027
1460;152.97097689748833;1460;0;1460;0.84231086153752255;1460;510.31620469259394;1460;4.000061037018952;1460;4.0983306375316628
1470;153.09305093539231;1470;0;1470;0.83010345774712357;1470;510.31620469259394;1470;4.000061037018952;1470;4.0977202673421429
1480;153.08084353160191;1480;0;1480;0.84231086153752255;1480;510.35574766724341;1480;4.000061037018952;1480;4.0995513779107027
1490;152.92214728232673;1490;0;1490;0.90334788048951686;1490;510.31620469259394;1490;4.000061037018952;1490;4.0977202673421429
1500;152.98318430127873;1500;0;1500;0.91555528427991573;1500;510.31620469259394;1500;4.000061037018952;1500;4.1004669331949826
1510;152.90993987853633;1510;0;1510;0.86672566911832027;1510;510.31620469259394;1510;4.000061037018952;1510;4.097109897152623
1520;152.94656208990753;1520;0.024414807580797754;1520;0.84231086153752255;1520;510.31620469259394;1520;4.000061037018952;1520;4.0995513779107027
1530;152.86111026337474;1530;0.024414807580797754;1530;0.91555528427991573;1530;510.31620469259394;1530;4.000061037018952;1530;4.0961943418683431
1540;152.92214728232673;1540;0;1540;0.91555528427991573;1540;510.35574766724341;1540;4.000061037018952;1540;4.0998565630054626
1550;152.99539170506912;1550;0.012207403790398877;1550;0.87893307290871914;1550;510.35574766724341;1550;4.000061037018952;1550;4.0980254524369029
1560;152.94656208990753;1560;0;1560;0.85451826532792141;1560;510.27666171794453;1560;4.000061037018952;1560;4.0977202673421429
1570;152.98318430127873;1570;0;1570;0.85451826532792141;1570;510.27666171794453;1570;4.000061037018952;1570;4.0983306375316628
1580;153.00759910885952;1580;0;1580;0.87893307290871914;1580;510.27666171794453;1580;4.000061037018952;1580;4.0977202673421429
1590;152.92214728232673;1590;0.012207403790398877;1590;0.84231086153752255;1590;510.39529064189281;1590;4.000061037018952;1590;4.0995513779107027
1600;152.89773247474594;1600;0;1600;0.83010345774712357;1600;510.35574766724341;1600;4.000061037018952;1600;4.096804712057863
1610;152.90993987853633;1610;0;1610;0.87893307290871914;1610;510.35574766724341;1610;4.000061037018952;1610;4.0998565630054626
1620;152.82448805200355;1620;0.024414807580797754;1620;0.91555528427991573;1620;510.35574766724341;1620;4.000061037018952;1620;4.0952787865840632
1630;152.95876949369793;1630;0.036622211371196631;1630;0.91555528427991573;1630;510.35574766724341;1630;4.000061037018952;1630;4.0992461928159427
1640;152.97097689748833;1640;0.012207403790398877;1640;0.87893307290871914;1640;510.39529064189281;1640;4.000061037018952;1640;4.096804712057863
1650;152.97097689748833;1650;0.012207403790398877;1650;0.90334788048951686;1650;510.35574766724341;1650;4.000061037018952;1650;4.0983306375316628
1660;152.97097689748833;1660;0.012207403790398877;1660;0.95217749565111243;1660;510.35574766724341;1660;4.000061037018952;1660;4.0977202673421429
1670;153.06863612781152;1670;0;1670;0.96438489944151129;1670;510.35574766724341;1670;4.000061037018952;1670;4.0980254524369029
1680;153.08084353160191;1680;0;1680;0.91555528427991573;1680;510.39529064189281;1680;4.000061037018952;1680;4.1001617481002226
1690;153.00759910885952;1690;0;1690;0.9277626880703147;1690;510.31620469259394;1690;4.000061037018952;1690;4.0974150822473829
1700;153.04422132023072;1700;0;1700;0.97659230323191015;1700;510.31620469259394;1700;4.000061037018952;1700;4.1001617481002226
1710;153.00759910885952;1710;0;1710;0.93997009186071356;1710;510.31620469259394;1710;4.000061037018952;1710;4.097109897152623
1720;152.95876949369793;1720;0;1720;0.95217749565111243;1720;510.31620469259394;1720;4.000061037018952;1720;4.1001617481002226
1730;152.88552507095554;1730;0;1730;0.95217749565111243;1730;510.39529064189281;1730;4.000061037018952;1730;4.0961943418683431
1740;153.01980651264992;1740;0;1740;0.93997009186071356;1740;510.35574766724341;1740;4.000061037018952;1740;4.0986358226264228
1750;153.05642872402112;1750;0;1750;0.95217749565111243;1750;510.31620469259394;1750;4.000061037018952;1750;4.097109897152623
1760;153.00759910885952;1760;0;1760;0.91555528427991573;1760;510.27666171794453;1760;4.000061037018952;1760;4.0983306375316628
1770;152.99539170506912;1770;0;1770;0.86672566911832027;1770;510.27666171794453;1770;4.000061037018952;1770;4.0995513779107027
1780;152.90993987853633;1780;0.012207403790398877;1780;0.84231086153752255;1780;510.31620469259394;1780;4.000061037018952;1780;4.0983306375316628
1790;152.90993987853633;1790;0.012207403790398877;1790;0.90334788048951686;1790;510.31620469259394;1790;4.000061037018952;1790;4.1004669331949826
1800;152.95876949369793;1800;0;1800;0.9277626880703147;1800;510.31620469259394;1800;4.000061037018952;1800;4.097109897152623
1810;153.05642872402112;1810;0;1810;0.90334788048951686;1810;510.27666171794453;1810;4.000061037018952;1810;4.1001617481002226
1820;153.04422132023072;1820;0;1820;0.86672566911832027;1820;510.31620469259394;1820;4.000061037018952;1820;4.0974150822473829
1830;153.04422132023072;1830;0;1830;0.87893307290871914;1830;510.35574766724341;1830;4.000061037018952;1830;4.1004669331949826
1840;153.04422132023072;1840;0.012207403790398877;1840;0.90334788048951686;1840;510.35574766724341;1840;4.000061037018952;1840;4.0974150822473829
1850;153.04422132023072;1850;0.012207403790398877;1850;0.91555528427991573;1850;510.35574766724341;1850;4.000061037018952;1850;4.0992461928159427
1860;152.99539170506912;1860;0;1860;0.96438489944151129;1860;510.39529064189281;1860;4.000061037018952;1860;4.0986358226264228
1870;152.95876949369793;1870;0;1870;0.96438489944151129;1870;510.39529064189281;1870;4.000061037018952;1870;4.0986358226264228
1880;152.94656208990753;1880;0;1880;1.0376293221839046;1880;510.39529064189281;1880;4.000061037018952;1880;4.0995513779107027
1890;152.99539170506912;1890;0.024414807580797754;1890;1.0376293221839046;1890;510.35574766724341;1890;4.000061037018952;1890;4.096804712057863
1900;153.10525833918271;1900;0;1900;1.0010071108127079;1900;510.31620469259394;1900;4.000061037018952;1900;4.0998565630054626
1910;153.00759910885952;1910;0;1910;1.0132145146031069;1910;510.31620469259394;1910;4.000061037018952;1910;4.0961943418683431
1920;152.97097689748833;1920;0;1920;1.0254219183935056;1920;510.31620469259394;1920;4.000061037018952;1920;4.0995513779107027
1930;152.95876949369793;1930;0.012207403790398877;1930;1.0132145146031069;1930;510.31620469259394;1930;4.000061037018952;1930;4.096804712057863
1940;152.87331766716514;1940;0;1940;1.0010071108127079;1940;510.27666171794453;1940;4.000061037018952;1940;4.0998565630054626
1950;152.88552507095554;1950;0;1950;1.0132145146031069;1950;510.31620469259394;1950;4.000061037018952;1950;4.0977202673421429
1960;153.04422132023072;1960;0;1960;0.97659230323191015;1960;510.27666171794453;1960;4.000061037018952;1960;4.0980254524369029
1970;153.09305093539231;1970;0;1970;0.97659230323191015;1970;510.31620469259394;1970;4.000061037018952;1970;4.0998565630054626
1980;152.99539170506912;1980;0;1980;1.0132145146031069;1980;510.35574766724341;1980;4.000061037018952;1980;4.0992461928159427
1990;153.01980651264992;1990;0;1990;1.0376293221839046;1990;510.31620469259394;1990;4.000061037018952;1990;4.1004669331949826
2000;152.98318430127873;2000;0;2000;1.0132145146031069;2000;510.31620469259394;2000;4.000061037018952;2000;4.097109897152623
2010;152.95876949369793;2010;0;2010;1.0132145146031069;2010;510.35574766724341;2010;4.000061037018952;2010;4.1007721182897425
2020;152.94656208990753;2020;0;2020;0.96438489944151129;2020;510.39529064189281;2020;4.000061037018952;2020;4.0974150822473829
2030;152.94656208990753;2030;0;2030;0.95217749565111243;2030;510.39529064189281;2030;4.000061037018952;2030;4.1001617481002226
2040;152.90993987853633;2040;0;2040;0.97659230323191015;2040;510.27666171794453;2040;4.000061037018952;2040;4.096804712057863
2050;153.00759910885952;2050;0.024414807580797754;2050;0.96438489944151129;2050;510.27666171794453;2050;4.000061037018952;2050;4.0986358226264228
2060;152.98318430127873;2060;0.012207403790398877;2060;0.96438489944151129;2060;510.39529064189281;2060;4.000061037018952;2060;4.0983306375316628
2070;152.86111026337474;2070;0;2070;1.0010071108127079;2070;510.31620469259394;2070;4.000061037018952;2070;4.0983306375316628
2080;152.99539170506912;2080;0.036622211371196631;2080;1.0498367259743033;2080;510.35574766724341;2080;4.000061037018952;2080;4.0998565630054626
2090;153.08084353160191;2090;0.012207403790398877;2090;1.0498367259743033;2090;510.35574766724341;2090;4.000061037018952;2090;4.097109897152623
2100;152.99539170506912;2100;0;2100;1.0132145146031069;2100;510.39529064189281;2100;4.000061037018952;2100;4.0995513779107027
2110;152.86111026337474;2110;0;2110;1.0498367259743033;2110;510.35574766724341;2110;4.000061037018952;2110;4.0961943418683431
2120;152.89773247474594;2120;0;2120;1.1230811487166967;2120;510.31620469259394;2120;4.000061037018952;2120;4.0998565630054626
2130;153.06863612781152;2130;0;2130;1.1719107638782922;2130;510.35574766724341;2130;4.000061037018952;2130;4.0961943418683431
2140;153.08084353160191;2140;0;2140;1.1108737449262978;2140;510.31620469259394;2140;4.000061037018952;2140;4.0992461928159427
2150;153.00759910885952;2150;0;2150;1.098666341135899;2150;510.31620469259394;2150;4.000061037018952;2150;4.0977202673421429
2160;153.05642872402112;2160;0;2160;1.0620441297647023;2160;510.35574766724341;2160;4.000061037018952;2160;4.0983306375316628
2170;153.10525833918271;2170;0.036622211371196631;2170;1.0010071108127079;2170;510.35574766724341;2170;4.000061037018952;2170;4.0992461928159427
2180;153.04422132023072;2180;0.036622211371196631;2180;1.0376293221839046;2180;510.31620469259394;2180;4.000061037018952;2180;4.097109897152623
2190;152.97097689748833;2190;0;2190;1.0254219183935056;2190;510.31620469259394;2190;4.000061037018952;2190;4.0995513779107027
2200;152.98318430127873;2200;0;2200;1.0620441297647023;2200;510.31620469259394;2200;4.000061037018952;2200;4.0974150822473829
2210;152.92214728232673;2210;0;2210;1.1474959562974945;2210;510.39529064189281;2210;4.000061037018952;2210;4.0995513779107027
2220;152.99539170506912;2220;0;2220;1.098666341135899;2220;510.35574766724341;2220;4.000061037018952;2220;4.0937528611102634
2230;153.14188055055391;2230;0;2230;1.0498367259743033;2230;510.31620469259394;2230;4.000061037018952;2230;4.0977202673421429
2240;153.01980651264992;2240;0.012207403790398877;2240;1.098666341135899;2240;510.39529064189281;2240;4.000061037018952;2240;4.0931424909207434
2250;152.98318430127873;2250;0.012207403790398877;2250;1.1352885525070955;2250;510.35574766724341;2250;4.000061037018952;2250;4.088259529404584
2260;153.01980651264992;2260;0;2260;1.1719107638782922;2260;510.43483361654216;2260;4.000061037018952;2260;4.0858180486465043
2270;153.08084353160191;2270;0;2270;1.1597033600878932;2270;510.43483361654216;2270;4.000061037018952;2270;4.0894802697836239
2280;153.06863612781152;2280;0;2280;1.098666341135899;2280;510.39529064189281;2280;4.000061037018952;2280;4.088869899594104
2290;152.90993987853633;2290;0;2290;1.0498367259743033;2290;510.35574766724341;2290;4.000061037018952;2290;4.0852076784569844
2300;152.89773247474594;2300;0;2300;1.1230811487166967;2300;510.39529064189281;2300;4.000061037018952;2300;4.088869899594104
2310;152.86111026337474;2310;0;2310;1.1230811487166967;2310;510.39529064189281;2310;4.000061037018952;2310;4.0861232337412643
2320;152.98318430127873;2320;0;2320;1.0742515335551013;2320;510.27666171794453;2320;4.000061037018952;2320;4.0903958250679038
2330;153.01980651264992;2330;0.012207403790398877;2330;1.098666341135899;2330;510.27666171794453;2330;4.000061037018952;2330;4.0873439741203041
2340;152.98318430127873;2340;0.012207403790398877;2340;1.1108737449262978;2340;510.31620469259394;2340;4.000061037018952;2340;4.0910061952574237
2350;152.92214728232673;2350;0;2350;1.1597033600878932;2350;510.35574766724341;2350;4.000061037018952;2350;4.088564714499344
2360;152.90993987853633;2360;0.012207403790398877;2360;1.2085329752494889;2360;510.35574766724341;2360;4.000061037018952;2360;4.0913113803521837
2370;152.97097689748833;2370;0.036622211371196631;2370;1.1597033600878932;2370;510.39529064189281;2370;4.000061037018952;2370;4.0925321207312235
2380;153.00759910885952;2380;0.012207403790398877;2380;1.1597033600878932;2380;510.39529064189281;2380;4.000061037018952;2380;4.0928373058259835
2390;152.98318430127873;2390;0;2390;1.2451551866206854;2390;510.35574766724341;2390;4.000061037018952;2390;4.0952787865840632
2400;152.94656208990753;2400;0.012207403790398877;2400;1.2085329752494889;2400;510.31620469259394;2400;4.000061037018952;2400;4.0928373058259835
2410;152.99539170506912;2410;0.012207403790398877;2410;1.1474959562974945;2410;510.31620469259394;2410;4.000061037018952;2410;4.097109897152623
2420;152.95876949369793;2420;0;2420;1.19632557145909;2420;510.35574766724341;2420;4.000061037018952;2420;4.0934476760155034
2430;153.06863612781152;2430;0;2430;1.19632557145909;2430;510.31620469259394;2430;4.000061037018952;2430;4.0974150822473829
2440;152.99539170506912;2440;0;2440;1.19632557145909;2440;510.27666171794453;2440;4.000061037018952;2440;4.0943632312997833
2450;152.92214728232673;2450;0;2450;1.2085329752494889;2450;510.31620469259394;2450;4.000061037018952;2450;4.096804712057863
2460;152.89773247474594;2460;0;2460;1.2085329752494889;2460;510.39529064189281;2460;4.000061037018952;2460;4.0955839716788232
2470;152.83669545579394;2470;0;2470;1.1719107638782922;2470;510.39529064189281;2470;4.000061037018952;2470;4.096804712057863
2480;152.92214728232673;2480;0;2480;1.1719107638782922;2480;510.39529064189281;2480;4.000061037018952;2480;4.0983306375316628
2490;152.94656208990753;2490;0;2490;1.2085329752494889;2490;510.31620469259394;2490;4.000061037018952;2490;4.096804712057863
2500;153.06863612781152;2500;0;2500;1.19632557145909;2500;510.31620469259394;2500;4.000061037018952;2500;4.0992461928159427
2510;152.95876949369793;2510;0.012207403790398877;2510;1.19632557145909;2510;510.35574766724341;2510;4.000061037018952;2510;4.0952787865840632
2520;152.88552507095554;2520;0.012207403790398877;2520;1.2329477828302866;2520;510.35574766724341;2520;4.000061037018952;2520;4.0995513779107027
2530;153.00759910885952;2530;0;2530;1.2329477828302866;2530;510.35574766724341;2530;4.000061037018952;2530;4.0955839716788232
2540;153.06863612781152;2540;0;2540;1.2573625904110843;2540;510.35574766724341;2540;4.000061037018952;2540;4.0986358226264228
2550;152.95876949369793;2550;0;2550;1.2695699942014831;2550;510.35574766724341;2550;4.000061037018952;2550;4.097109897152623
2560;152.94656208990753;2560;0;2560;1.19632557145909;2560;510.35574766724341;2560;4.000061037018952;2560;4.0983306375316628
2570;152.98318430127873;2570;0.024414807580797754;2570;1.1597033600878932;2570;510.39529064189281;2570;4.000061037018952;2570;4.0983306375316628
2580;152.97097689748833;2580;0.012207403790398877;2580;1.1719107638782922;2580;510.35574766724341;2580;4.000061037018952;2580;4.0974150822473829
2590;152.97097689748833;2590;0.012207403790398877;2590;1.1719107638782922;2590;510.35574766724341;2590;4.000061037018952;2590;4.0995513779107027
2600;152.92214728232673;2600;0;2600;1.1597033600878932;2600;510.31620469259394;2600;4.000061037018952;2600;4.096804712057863
2610;152.95876949369793;2610;0;2610;1.19632557145909;2610;510.27666171794453;2610;4.000061037018952;2610;4.1004669331949826
2620;152.92214728232673;2620;0;2620;1.19632557145909;2620;510.31620469259394;2620;4.000061037018952;2620;4.096804712057863
2630;152.97097689748833;2630;0;2630;1.1597033600878932;2630;510.35574766724341;2630;4.000061037018952;2630;4.0998565630054626
2640;152.92214728232673;2640;0;2640;1.2207403790398876;2640;510.35574766724341;2640;4.000061037018952;2640;4.096804712057863
2650;153.00759910885952;2650;0;2650;1.2451551866206854;2650;510.27666171794453;2650;4.000061037018952;2650;4.0995513779107027
2660;153.08084353160191;2660;0;2660;1.2573625904110843;2660;510.31620469259394;2660;4.000061037018952;2660;4.0995513779107027
2670;152.88552507095554;2670;0;2670;1.2695699942014831;2670;510.35574766724341;2670;4.000061037018952;2670;4.0995513779107027
2680;152.77565843684195;2680;0;2680;1.19632557145909;2680;510.35574766724341;2680;4.000061037018952;2680;4.1004669331949826
2690;152.78786584063235;2690;0;2690;1.19632557145909;2690;510.31620469259394;2690;4.000061037018952;2690;4.0980254524369029
2700;152.87331766716514;2700;0.012207403790398877;2700;1.2573625904110843;2700;510.31620469259394;2700;4.000061037018952;2700;4.1007721182897425
2710;152.88552507095554;2710;0.024414807580797754;2710;1.2451551866206854;2710;510.35574766724341;2710;4.000061037018952;2710;4.097109897152623
2720;152.95876949369793;2720;0;2720;1.2573625904110843;2720;510.35574766724341;2720;4.000061037018952;2720;4.1013824884792625
2730;152.92214728232673;2730;0;2730;1.2329477828302866;2730;510.35574766724341;2730;4.000061037018952;2730;4.0980254524369029
2740;152.90993987853633;2740;0;2740;1.2207403790398876;2740;510.31620469259394;2740;4.000061037018952;2740;4.1010773033845025
2750;152.97097689748833;2750;0;2750;1.2573625904110843;2750;510.35574766724341;2750;4.000061037018952;2750;4.0980254524369029
2760;152.88552507095554;2760;0;2760;1.2695699942014831;2760;510.31620469259394;2760;4.000061037018952;2760;4.1001617481002226
2770;152.89773247474594;2770;0.012207403790398877;2770;1.2939848017822808;2770;510.31620469259394;2770;4.000061037018952;2770;4.0998565630054626
2780;152.97097689748833;2780;0;2780;1.2939848017822808;2780;510.35574766724341;2780;4.000061037018952;2780;4.0986358226264228
2790;152.99539170506912;2790;0;2790;1.2695699942014831;2790;510.35574766724341;2790;4.000061037018952;2790;4.0998565630054626
2800;152.97097689748833;2800;0;2800;1.2329477828302866;2800;510.35574766724341;2800;4.000061037018952;2800;4.0986358226264228
2810;152.92214728232673;2810;0;2810;1.2573625904110843;2810;510.35574766724341;2810;4.000061037018952;2810;4.1013824884792625
2820;152.83669545579394;2820;0.012207403790398877;2820;1.3061922055726798;2820;510.35574766724341;2820;4.000061037018952;2820;4.0974150822473829
2830;152.89773247474594;2830;0;2830;1.2573625904110843;2830;510.31620469259394;2830;4.000061037018952;2830;4.1010773033845025
2840;152.82448805200355;2840;0;2840;1.2573625904110843;2840;510.31620469259394;2840;4.000061037018952;2840;4.0980254524369029
2850;152.87331766716514;2850;0;2850;1.3183996093630788;2850;510.27666171794453;2850;4.000061037018952;2850;4.1004669331949826
2860;152.95876949369793;2860;0;2860;1.3306070131534775;2860;510.31620469259394;2860;4.000061037018952;2860;4.0974150822473829
2870;152.89773247474594;2870;0;2870;1.3183996093630788;2870;510.35574766724341;2870;4.000061037018952;2870;4.0995513779107027
2880;152.86111026337474;2880;0.012207403790398877;2880;1.3061922055726798;2880;510.39529064189281;2880;4.000061037018952;2880;4.1001617481002226
2890;152.88552507095554;2890;0;2890;1.3428144169438767;2890;510.31620469259394;2890;4.000061037018952;2890;4.0986358226264228
2900;152.92214728232673;2900;0;2900;1.3794366283150732;2900;510.31620469259394;2900;4.000061037018952;2900;4.1004669331949826
2910;152.87331766716514;2910;0;2910;1.3672292245246742;2910;510.31620469259394;2910;4.000061037018952;2910;4.0977202673421429
2920;152.97097689748833;2920;0;2920;1.3183996093630788;2920;510.31620469259394;2920;4.000061037018952;2920;4.1010773033845025
2930;152.88552507095554;2930;0.012207403790398877;2930;1.3428144169438767;2930;510.35574766724341;2930;4.000061037018952;2930;4.0977202673421429
2940;152.92214728232673;2940;0;2940;1.3794366283150732;2940;510.35574766724341;2940;4.000061037018952;2940;4.1013824884792625
2950;152.99539170506912;2950;0.024414807580797754;2950;1.4160588396862697;2950;510.35574766724341;2950;4.000061037018952;2950;4.0977202673421429
2960;152.94656208990753;2960;0.048829615161595508;2960;1.3794366283150732;2960;510.35574766724341;2960;4.000061037018952;2960;4.0998565630054626
2970;153.00759910885952;2970;0.024414807580797754;2970;1.3428144169438767;2970;510.39529064189281;2970;4.000061037018952;2970;4.0995513779107027
2980;153.08084353160191;2980;0.012207403790398877;2980;1.3550218207342752;2980;510.35574766724341;2980;4.000061037018952;2980;4.0998565630054626
2990;152.98318430127873;2990;0.012207403790398877;2990;1.4038514358958709;2990;510.31620469259394;2990;4.000061037018952;2990;4.1004669331949826
3000;152.92214728232673;3000;0;3000;1.4282662434766686;3000;510.31620469259394;3000;4.000061037018952;3000;4.0980254524369029
3010;153.00759910885952;3010;0;3010;1.4038514358958709;3010;510.31620469259394;3010;4.000061037018952;3010;4.1007721182897425
3020;152.76345103305155;3020;0.012207403790398877;3020;1.4526810510574664;3020;510.35574766724341;3020;4.000061037018952;3020;4.0980254524369029
3030;152.77565843684195;3030;0;3030;1.4404736472670676;3030;510.35574766724341;3030;4.000061037018952;3030;4.1010773033845025
3040;152.86111026337474;3040;0;3040;1.4038514358958709;3040;510.35574766724341;3040;4.000061037018952;3040;4.096804712057863
3050;152.94656208990753;3050;0;3050;1.4038514358958709;3050;510.35574766724341;3050;4.000061037018952;3050;4.0998565630054626
3060;153.05642872402112;3060;0.012207403790398877;3060;1.3550218207342752;3060;510.35574766724341;3060;4.000061037018952;3060;4.0974150822473829
3070;153.04422132023072;3070;0;3070;1.3794366283150732;3070;510.35574766724341;3070;4.000061037018952;3070;4.0992461928159427
3080;152.98318430127873;3080;0;3080;1.3794366283150732;3080;510.39529064189281;3080;4.000061037018952;3080;4.0983306375316628
3090;152.89773247474594;3090;0;3090;1.4160588396862697;3090;510.39529064189281;3090;4.000061037018952;3090;4.0974150822473829
3100;152.97097689748833;3100;0.012207403790398877;3100;1.4648884548478653;3100;510.39529064189281;3100;4.000061037018952;3100;4.1004669331949826
3110;152.89773247474594;3110;0;3110;1.4526810510574664;3110;510.39529064189281;3110;4.000061037018952;3110;4.0980254524369029
3120;152.94656208990753;3120;0;3120;1.4038514358958709;3120;510.43483361654216;3120;4.000061037018952;3120;4.1013824884792625
3130;152.89773247474594;3130;0;3130;1.4038514358958709;3130;510.39529064189281;3130;4.000061037018952;3130;4.097109897152623
3140;152.92214728232673;3140;0;3140;1.4160588396862697;3140;510.35574766724341;3140;4.000061037018952;3140;4.1001617481002226
3150;152.92214728232673;3150;0;3150;1.5015106662190618;3150;510.31620469259394;3150;4.000061037018952;3150;4.0974150822473829
3160;152.92214728232673;3160;0;3160;1.5015106662190618;3160;510.27666171794453;3160;4.000061037018952;3160;4.0995513779107027
3170;152.99539170506912;3170;0;3170;1.4526810510574664;3170;510.27666171794453;3170;4.000061037018952;3170;4.0980254524369029
3180;152.95876949369793;3180;0.012207403790398877;3180;1.4770958586382641;3180;510.27666171794453;3180;4.000061037018952;3180;4.0986358226264228
3190;152.94656208990753;3190;0.012207403790398877;3190;1.4770958586382641;3190;510.31620469259394;3190;4.000061037018952;3190;4.0998565630054626
3200;152.97097689748833;3200;0;3200;1.4770958586382641;3200;510.31620469259394;3200;4.000061037018952;3200;4.0980254524369029
3210;152.97097689748833;3210;0;3210;1.4648884548478653;3210;510.27666171794453;3210;4.000061037018952;3210;4.1007721182897425
3220;152.80007324442275;3220;0;3220;1.4526810510574664;3220;510.23711874329518;3220;4.000061037018952;3220;4.0977202673421429
3230;152.90993987853633;3230;0;3230;1.4038514358958709;3230;510.27666171794453;3230;4.000061037018952;3230;4.1022980437635423
3240;152.98318430127873;3240;0;3240;1.4160588396862697;3240;510.31620469259394;3240;4.000061037018952;3240;4.0974150822473829
3250;153.00759910885952;3250;0;3250;1.4282662434766686;3250;510.31620469259394;3250;4.000061037018952;3250;4.0995513779107027
3260;153.00759910885952;3260;0.012207403790398877;3260;1.4282662434766686;3260;510.35574766724341;3260;4.000061037018952;3260;4.0974150822473829
3270;152.82448805200355;3270;0;3270;1.4770958586382641;3270;510.35574766724341;3270;4.000061037018952;3270;4.0986358226264228
3280;152.97097689748833;3280;0;3280;1.4404736472670676;3280;510.31620469259394;3280;4.000061037018952;3280;4.0986358226264228
3290;152.98318430127873;3290;0;3290;1.4160588396862697;3290;510.27666171794453;3290;4.000061037018952;3290;4.0992461928159427
3300;152.89773247474594;3300;0.024414807580797754;3300;1.4526810510574664;3300;510.35574766724341;3300;4.000061037018952;3300;4.1013824884792625
3310;152.87331766716514;3310;0.024414807580797754;3310;1.4526810510574664;3310;510.35574766724341;3310;4.000061037018952;3310;4.0977202673421429
3320;152.92214728232673;3320;0;3320;1.4526810510574664;3320;510.27666171794453;3320;4.000061037018952;3320;4.1010773033845025
3330;152.90993987853633;3330;0;3330;1.4648884548478653;3330;510.27666171794453;3330;4.000061037018952;3330;4.097109897152623
3340;152.87331766716514;3340;0;3340;1.4770958586382641;3340;510.35574766724341;3340;4.000061037018952;3340;4.0998565630054626
3350;152.90993987853633;3350;0;3350;1.4648884548478653;3350;510.43483361654216;3350;4.000061037018952;3350;4.096804712057863
3360;153.05642872402112;3360;0;3360;1.5259254737998595;3360;510.39529064189281;3360;4.000061037018952;3360;4.0995513779107027
3370;153.06863612781152;3370;0;3370;1.5625476851710562;3370;510.31620469259394;3370;4.000061037018952;3370;4.0983306375316628
3380;152.94656208990753;3380;0;3380;1.5015106662190618;3380;510.39529064189281;3380;4.000061037018952;3380;4.0983306375316628
3390;152.95876949369793;3390;0;3390;1.4770958586382641;3390;510.43483361654216;3390;4.000061037018952;3390;4.0998565630054626
3400;152.97097689748833;3400;0;3400;1.4648884548478653;3400;510.31620469259394;3400;4.000061037018952;3400;4.0980254524369029
3410;152.90993987853633;3410;0;3410;1.5137180700094608;3410;510.31620469259394;3410;4.000061037018952;3410;4.1001617481002226
3420;152.97097689748833;3420;0;3420;1.5137180700094608;3420;510.39529064189281;3420;4.000061037018952;3420;4.0961943418683431
3430;153.04422132023072;3430;0;3430;1.5259254737998595;3430;510.35574766724341;3430;4.000061037018952;3430;4.1004669331949826
3440;152.87331766716514;3440;0;3440;1.5747550889614552;3440;510.35574766724341;3440;4.000061037018952;3440;4.097109897152623
3450;152.99539170506912;3450;0;3450;1.5625476851710562;3450;510.39529064189281;3450;4.000061037018952;3450;4.0998565630054626
3460;152.98318430127873;3460;0;3460;1.5747550889614552;3460;510.31620469259394;3460;4.000061037018952;3460;4.0977202673421429
3470;152.95876949369793;3470;0;3470;1.5381328775902587;3470;510.27666171794453;3470;4.000061037018952;3470;4.1001617481002226
3480;153.10525833918271;3480;0.012207403790398877;3480;1.5259254737998595;3480;510.31620469259394;3480;4.000061037018952;3480;4.0998565630054626
3490;153.05642872402112;3490;0.012207403790398877;3490;1.5991698965422529;3490;510.31620469259394;3490;4.000061037018952;3490;4.0983306375316628
3500;152.98318430127873;3500;0;3500;1.5381328775902587;3500;510.23711874329518;3500;4.000061037018952;3500;4.1004669331949826
3510;152.98318430127873;3510;0;3510;1.4648884548478653;3510;510.27666171794453;3510;4.000061037018952;3510;4.0977202673421429
3520;153.01980651264992;3520;0;3520;1.5259254737998595;3520;510.27666171794453;3520;4.000061037018952;3520;4.1007721182897425
3530;153.01980651264992;3530;0;3530;1.5747550889614552;3530;510.27666171794453;3530;4.000061037018952;3530;4.0961943418683431
3540;153.14188055055391;3540;0;3540;1.5747550889614552;3540;510.27666171794453;3540;4.000061037018952;3540;4.1004669331949826
3550;152.94656208990753;3550;0;3550;1.5747550889614552;3550;510.31620469259394;3550;4.000061037018952;3550;4.0974150822473829
3560;152.86111026337474;3560;0.012207403790398877;3560;1.5991698965422529;3560;510.31620469259394;3560;4.000061037018952;3560;4.0992461928159427
3570;152.95876949369793;3570;0;3570;1.5747550889614552;3570;510.31620469259394;3570;4.000061037018952;3570;4.0977202673421429
3580;152.92214728232673;3580;0;3580;1.5625476851710562;3580;510.31620469259394;3580;4.000061037018952;3580;4.0983306375316628
3590;153.01980651264992;3590;0;3590;1.5625476851710562;3590;510.31620469259394;3590;4.000061037018952;3590;4.1001617481002226
3600;153.05642872402112;3600;0;3600;1.5503402813806573;3600;510.31620469259394;3600;4.000061037018952;3600;4.0980254524369029
3610;152.95876949369793;3610;0.012207403790398877;3610;1.6235847041230507;3610;510.23711874329518;3610;4.000061037018952;3610;4.1019928586687824
3620;152.89773247474594;3620;0.012207403790398877;3620;1.6479995117038484;3620;510.27666171794453;3620;4.000061037018952;3620;4.0977202673421429
3630;152.99539170506912;3630;0.012207403790398877;3630;1.5991698965422529;3630;510.35574766724341;3630;4.000061037018952;3630;4.1004669331949826
3640;152.92214728232673;3640;0.036622211371196631;3640;1.6113773003326517;3640;510.35574766724341;3640;4.000061037018952;3640;4.0958891567735831
3650;152.88552507095554;3650;0;3650;1.6479995117038484;3650;510.31620469259394;3650;4.000061037018952;3650;4.0992461928159427
3660;152.94656208990753;3660;0;3660;1.5503402813806573;3660;510.31620469259394;3660;4.000061037018952;3660;4.0977202673421429
3670;153.04422132023072;3670;0;3670;1.4770958586382641;3670;510.31620469259394;3670;4.000061037018952;3670;4.0995513779107027
3680;153.08084353160191;3680;0;3680;1.5625476851710562;3680;510.27666171794453;3680;4.000061037018952;3680;4.0992461928159427
3690;152.94656208990753;3690;0.012207403790398877;3690;1.6479995117038484;3690;510.27666171794453;3690;4.000061037018952;3690;4.0992461928159427
3700;152.95876949369793;3700;0.012207403790398877;3700;1.6968291268654438;3700;510.35574766724341;3700;4.000061037018952;3700;4.1013824884792625
3710;152.97097689748833;3710;0.012207403790398877;3710;1.6235847041230507;3710;510.43483361654216;3710;4.000061037018952;3710;4.0974150822473829
3720;153.08084353160191;3720;0.012207403790398877;3720;1.5991698965422529;3720;510.39529064189281;3720;4.000061037018952;3720;4.1004669331949826
3730;153.06863612781152;3730;0;3730;1.6357921079134494;3730;510.35574766724341;3730;4.000061037018952;3730;4.096804712057863
3740;153.08084353160191;3740;0;3740;1.6479995117038484;3740;510.39529064189281;3740;4.000061037018952;3740;4.0998565630054626
3750;153.00759910885952;3750;0.012207403790398877;3750;1.6479995117038484;3750;510.39529064189281;3750;4.000061037018952;3750;4.0958891567735831
3760;153.00759910885952;3760;0.024414807580797754;3760;1.7090365306558428;3760;510.35574766724341;3760;4.000061037018952;3760;4.0992461928159427
3770;153.04422132023072;3770;0.024414807580797754;3770;1.7334513382366405;3770;510.39529064189281;3770;4.000061037018952;3770;4.0992461928159427
3780;152.98318430127873;3780;0;3780;1.7334513382366405;3780;510.31620469259394;3780;4.000061037018952;3780;4.0986358226264228
3790;153.00759910885952;3790;0;3790;1.7456587420270393;3790;510.27666171794453;3790;4.000061037018952;3790;4.0998565630054626
3800;152.92214728232673;3800;0;3800;1.7212439344462416;3800;510.31620469259394;3800;4.000061037018952;3800;4.0980254524369029
3810;152.99539170506912;3810;0;3810;1.6724143192846461;3810;510.31620469259394;3810;4.000061037018952;3810;4.1010773033845025
3820;152.95876949369793;3820;0.012207403790398877;3820;1.6968291268654438;3820;510.31620469259394;3820;4.000061037018952;3820;4.096804712057863
3830;152.94656208990753;3830;0.036622211371196631;3830;1.7334513382366405;3830;510.31620469259394;3830;4.000061037018952;3830;4.1010773033845025
3840;152.99539170506912;3840;0.036622211371196631;3840;1.7456587420270393;3840;510.31620469259394;3840;4.000061037018952;3840;4.0977202673421429
3850;153.05642872402112;3850;0;3850;1.7090365306558428;3850;510.31620469259394;3850;4.000061037018952;3850;4.0998565630054626
3860;153.06863612781152;3860;0;3860;1.6724143192846461;3860;510.35574766724341;3860;4.000061037018952;3860;4.0977202673421429
3870;153.09305093539231;3870;0;3870;1.6479995117038484;3870;510.35574766724341;3870;4.000061037018952;3870;4.0986358226264228
3880;152.99539170506912;3880;0.012207403790398877;3880;1.7090365306558428;3880;510.39529064189281;3880;4.000061037018952;3880;4.0986358226264228
3890;152.92214728232673;3890;0.012207403790398877;3890;1.8311105685598315;3890;510.39529064189281;3890;4.000061037018952;3890;4.0992461928159427
3900;152.99539170506912;3900;0;3900;1.7700735496078372;3900;510.39529064189281;3900;4.000061037018952;3900;4.1022980437635423
3910;152.98318430127873;3910;0.012207403790398877;3910;1.6724143192846461;3910;510.39529064189281;3910;4.000061037018952;3910;4.0980254524369029
3920;153.06863612781152;3920;0.012207403790398877;3920;1.7090365306558428;3920;510.39529064189281;3920;4.000061037018952;3920;4.1007721182897425
3930;152.98318430127873;3930;0;3930;1.7578661458174383;3930;510.35574766724341;3930;4.000061037018952;3930;4.096804712057863
3940;152.97097689748833;3940;0;3940;1.7578661458174383;3940;510.31620469259394;3940;4.000061037018952;3940;4.1004669331949826
3950;152.94656208990753;3950;0;3950;1.7578661458174383;3950;510.31620469259394;3950;4.000061037018952;3950;4.0974150822473829
3960;153.05642872402112;3960;0;3960;1.794488357188635;3960;510.31620469259394;3960;4.000061037018952;3960;4.0998565630054626
3970;153.14188055055391;3970;0;3970;1.8066957609790337;3970;510.31620469259394;3970;4.000061037018952;3970;4.0986358226264228
3980;153.01980651264992;3980;0.012207403790398877;3980;1.7700735496078372;3980;510.27666171794453;3980;4.000061037018952;3980;4.0983306375316628
3990;152.99539170506912;3990;0.012207403790398877;3990;1.7212439344462416;3990;510.31620469259394;3990;4.000061037018952;3990;4.0998565630054626
4000;152.92214728232673;4000;0;4000;1.7090365306558428;4000;510.35574766724341;4000;4.000061037018952;4000;4.0980254524369029
4010;152.97097689748833;4010;0;4010;1.7456587420270393;4010;510.31620469259394;4010;4.000061037018952;4010;4.1010773033845025
4020;152.95876949369793;4020;0;4020;1.7700735496078372;4020;510.35574766724341;4020;4.000061037018952;4020;4.097109897152623
4030;152.97097689748833;4030;0;4030;1.7700735496078372;4030;510.35574766724341;4030;4.000061037018952;4030;4.1007721182897425
4040;152.89773247474594;4040;0;4040;1.8189031647694327;4040;510.27666171794453;4040;4.000061037018952;4040;4.0974150822473829
4050;152.99539170506912;4050;0;4050;1.8433179723502304;4050;510.27666171794453;4050;4.000061037018952;4050;4.0995513779107027
4060;153.09305093539231;4060;0;4060;1.7700735496078372;4060;510.31620469259394;4060;4.000061037018952;4060;4.0961943418683431
4070;152.99539170506912;4070;0;4070;1.7456587420270393;4070;510.31620469259394;4070;4.000061037018952;4070;4.0974150822473829
4080;152.92214728232673;4080;0;4080;1.8189031647694327;4080;510.35574766724341;4080;4.000061037018952;4080;4.0986358226264228
4090;152.87331766716514;4090;0;4090;1.8189031647694327;4090;510.39529064189281;4090;4.000061037018952;4090;4.0980254524369029
4100;152.97097689748833;4100;0;4100;1.8189031647694327;4100;510.35574766724341;4100;4.000061037018952;4100;4.1004669331949826
4110;152.97097689748833;4110;0;4110;1.8189031647694327;4110;510.31620469259394;4110;4.000061037018952;4110;4.097109897152623
4120;152.97097689748833;4120;0;4120;1.8066957609790337;4120;510.35574766724341;4120;4.000061037018952;4120;4.1004669331949826
4130;153.01980651264992;4130;0;4130;1.8189031647694327;4130;510.31620469259394;4130;4.000061037018952;4130;4.097109897152623
4140;153.10525833918271;4140;0;4140;1.8066957609790337;4140;510.31620469259394;4140;4.000061037018952;4140;4.1001617481002226
4150;153.00759910885952;4150;0;4150;1.8066957609790337;4150;510.35574766724341;4150;4.000061037018952;4150;4.096804712057863
4160;152.98318430127873;4160;0;4160;1.8066957609790337;4160;510.35574766724341;4160;4.000061037018952;4160;4.0995513779107027
4170;153.04422132023072;4170;0;4170;1.8189031647694327;4170;510.35574766724341;4170;4.000061037018952;4170;4.0980254524369029
4180;153.06863612781152;4180;0;4180;1.8433179723502304;4180;510.35574766724341;4180;4.000061037018952;4180;4.0980254524369029
4190;153.10525833918271;4190;0.024414807580797754;4190;1.8921475875118259;4190;510.31620469259394;4190;4.000061037018952;4190;4.1007721182897425
4200;153.04422132023072;4200;0.012207403790398877;4200;1.8433179723502304;4200;510.31620469259394;4200;4.000061037018952;4200;4.0983306375316628
4210;152.97097689748833;4210;0.012207403790398877;4210;1.8066957609790337;4210;510.31620469259394;4210;4.000061037018952;4210;4.1001617481002226
4220;152.89773247474594;4220;0.024414807580797754;4220;1.8189031647694327;4220;510.35574766724341;4220;4.000061037018952;4220;4.0958891567735831
4230;152.98318430127873;4230;0;4230;1.8433179723502304;4230;510.39529064189281;4230;4.000061037018952;4230;4.0998565630054626
4240;152.89773247474594;4240;0;4240;1.8433179723502304;4240;510.35574766724341;4240;4.000061037018952;4240;4.0961943418683431
4250;152.89773247474594;4250;0.012207403790398877;4250;1.8677327799310282;4250;510.35574766724341;4250;4.000061037018952;4250;4.1004669331949826
4260;152.99539170506912;4260;0;4260;1.9287697988830226;4260;510.35574766724341;4260;4.000061037018952;4260;4.0977202673421429
4270;153.01980651264992;4270;0;4270;1.8555253761406294;4270;510.31620469259394;4270;4.000061037018952;4270;4.0983306375316628
4280;153.00759910885952;4280;0;4280;1.8311105685598315;4280;510.39529064189281;4280;4.000061037018952;4280;4.0986358226264228
4290;152.95876949369793;4290;0;4290;1.8677327799310282;4290;510.35574766724341;4290;4.000061037018952;4290;4.097109897152623
4300;152.94656208990753;4300;0.012207403790398877;4300;1.8433179723502304;4300;510.31620469259394;4300;4.000061037018952;4300;4.0998565630054626
4310;152.90993987853633;4310;0;4310;1.8433179723502304;4310;510.31620469259394;4310;4.000061037018952;4310;4.096804712057863
4320;152.89773247474594;4320;0;4320;1.8921475875118259;4320;510.31620469259394;4320;4.000061037018952;4320;4.1007721182897425
4330;152.89773247474594;4330;0;4330;1.9287697988830226;4330;510.35574766724341;4330;4.000061037018952;4330;4.097109897152623
4340;153.08084353160191;4340;0;4340;1.9531846064638203;4340;510.35574766724341;4340;4.000061037018952;4340;4.1007721182897425
4350;153.08084353160191;4350;0;4350;1.9287697988830226;4350;510.39529064189281;4350;4.000061037018952;4350;4.096804712057863
4360;152.98318430127873;4360;0;4360;1.8921475875118259;4360;510.39529064189281;4360;4.000061037018952;4360;4.0992461928159427
4370;152.94656208990753;4370;0;4370;1.9043549913022249;4370;510.31620469259394;4370;4.000061037018952;4370;4.0992461928159427
4380;152.98318430127873;4380;0;4380;1.9409772026734213;4380;510.31620469259394;4380;4.000061037018952;4380;4.0992461928159427
4390;153.05642872402112;4390;0.012207403790398877;4390;2.0142216254158147;4390;510.35574766724341;4390;4.000061037018952;4390;4.1007721182897425
4400;153.01980651264992;4400;0;4400;1.989806817835017;4400;510.35574766724341;4400;4.000061037018952;4400;4.0977202673421429
4410;153.01980651264992;4410;0;4410;1.9165623950926236;4410;510.31620469259394;4410;4.000061037018952;4410;4.1004669331949826
4420;152.88552507095554;4420;0;4420;1.9409772026734213;4420;510.27666171794453;4420;4.000061037018952;4420;4.097109897152623
4430;153.00759910885952;4430;0;4430;1.9653920102542193;4430;510.27666171794453;4430;4.000061037018952;4430;4.1007721182897425
4440;153.08084353160191;4440;0;4440;1.9531846064638203;4440;510.35574766724341;4440;4.000061037018952;4440;4.0958891567735831
4450;153.01980651264992;4450;0;4450;1.9409772026734213;4450;510.35574766724341;4450;4.000061037018952;4450;4.0995513779107027
4460;153.01980651264992;4460;0;4460;1.9409772026734213;4460;510.35574766724341;4460;4.000061037018952;4460;4.0977202673421429
4470;153.04422132023072;4470;0;4470;1.989806817835017;4470;510.35574766724341;4470;4.000061037018952;4470;4.0983306375316628
4480;152.97097689748833;4480;0.024414807580797754;4480;2.0386364329966122;4480;510.35574766724341;4480;4.000061037018952;4480;4.0986358226264228
4490;152.95876949369793;4490;0;4490;2.0020142216254158;4490;510.35574766724341;4490;4.000061037018952;4490;4.0983306375316628
4500;153.10525833918271;4500;0;4500;2.0020142216254158;4500;510.35574766724341;4500;4.000061037018952;4500;4.1010773033845025
4510;153.00759910885952;4510;0.012207403790398877;4510;2.0508438367870112;4510;510.31620469259394;4510;4.000061037018952;4510;4.097109897152623
4520;153.06863612781152;4520;0;4520;2.0142216254158147;4520;510.31620469259394;4520;4.000061037018952;4520;4.1007721182897425
4530;153.08084353160191;4530;0;4530;1.9409772026734213;4530;510.31620469259394;4530;4.000061037018952;4530;4.096804712057863
4540;152.99539170506912;4540;0;4540;2.0142216254158147;4540;510.35574766724341;4540;4.000061037018952;4540;4.0998565630054626
4550;152.89773247474594;4550;0;4550;2.0752586443678092;4550;510.35574766724341;4550;4.000061037018952;4550;4.097109897152623
4560;152.90993987853633;4560;0;4560;2.0386364329966122;4560;510.31620469259394;4560;4.000061037018952;4560;4.0992461928159427
4570;152.97097689748833;4570;0.012207403790398877;4570;2.0142216254158147;4570;510.35574766724341;4570;4.000061037018952;4570;4.0983306375316628
4580;152.98318430127873;4580;0.012207403790398877;4580;2.0386364329966122;4580;510.31620469259394;4580;4.000061037018952;4580;4.0983306375316628
4590;153.00759910885952;4590;0.012207403790398877;4590;2.0386364329966122;4590;510.35574766724341;4590;4.000061037018952;4590;4.1001617481002226
4600;152.92214728232673;4600;0;4600;2.0020142216254158;4600;510.35574766724341;4600;4.000061037018952;4600;4.0974150822473829
4610;153.05642872402112;4610;0;4610;2.0264290292062137;4610;510.35574766724341;4610;4.000061037018952;4610;4.1007721182897425
4620;152.98318430127873;4620;0;4620;2.0264290292062137;4620;510.35574766724341;4620;4.000061037018952;4620;4.096804712057863
4630;152.97097689748833;4630;0;4630;2.0264290292062137;4630;510.31620469259394;4630;4.000061037018952;4630;4.1007721182897425
4640;152.94656208990753;4640;0;4640;2.1240882595294046;4640;510.39529064189281;4640;4.000061037018952;4640;4.0974150822473829
4650;152.98318430127873;4650;0;4650;2.0752586443678092;4650;510.35574766724341;4650;4.000061037018952;4650;4.0998565630054626
4660;153.04422132023072;4660;0;4660;1.989806817835017;4660;510.27666171794453;4660;4.000061037018952;4660;4.0974150822473829
4670;153.14188055055391;4670;0;4670;1.9531846064638203;4670;510.35574766724341;4670;4.000061037018952;4670;4.0983306375316628
4680;153.06863612781152;4680;0;4680;2.06305124057741;4680;510.39529064189281;4680;4.000061037018952;4680;4.0992461928159427
4690;152.98318430127873;4690;0;4690;2.0752586443678092;4690;510.35574766724341;4690;4.000061037018952;4690;4.0980254524369029
4700;153.05642872402112;4700;0.012207403790398877;4700;2.0752586443678092;4700;510.31620469259394;4700;4.000061037018952;4700;4.1004669331949826
4710;152.99539170506912;4710;0.012207403790398877;4710;2.0996734519486067;4710;510.35574766724341;4710;4.000061037018952;4710;4.0974150822473829
4720;153.05642872402112;4720;0.012207403790398877;4720;2.06305124057741;4720;510.35574766724341;4720;4.000061037018952;4720;4.1007721182897425
4730;153.00759910885952;4730;0.024414807580797754;4730;2.0264290292062137;4730;510.27666171794453;4730;4.000061037018952;4730;4.097109897152623
4740;152.90993987853633;4740;0.012207403790398877;4740;2.0386364329966122;4740;510.27666171794453;4740;4.000061037018952;4740;4.1001617481002226
4750;152.81228064821315;4750;0;4750;2.0996734519486067;4750;510.27666171794453;4750;4.000061037018952;4750;4.096804712057863
4760;152.94656208990753;4760;0;4760;2.06305124057741;4760;510.27666171794453;4760;4.000061037018952;4760;4.0992461928159427
4770;153.08084353160191;4770;0.012207403790398877;4770;2.0752586443678092;4770;510.31620469259394;4770;4.000061037018952;4770;4.0980254524369029
4780;153.10525833918271;4780;0;4780;2.1485030671102026;4780;510.31620469259394;4780;4.000061037018952;4780;4.0983306375316628
4790;153.11746574297311;4790;0.012207403790398877;4790;2.197332682271798;4790;510.31620469259394;4790;4.000061037018952;4790;4.1004669331949826
4800;153.08084353160191;4800;0.012207403790398877;4800;2.1607104709006011;4800;510.31620469259394;4800;4.000061037018952;4800;4.0977202673421429
4810;153.08084353160191;4810;0;4810;2.1607104709006011;4810;510.31620469259394;4810;4.000061037018952;4810;4.1007721182897425
4820;152.95876949369793;4820;0.012207403790398877;4820;2.1240882595294046;4820;510.35574766724341;4820;4.000061037018952;4820;4.096804712057863
4830;152.98318430127873;4830;0.012207403790398877;4830;2.0752586443678092;4830;510.35574766724341;4830;4.000061037018952;4830;4.1004669331949826
4840;152.95876949369793;4840;0;4840;2.1362956633198036;4840;510.27666171794453;4840;4.000061037018952;4840;4.096804712057863
4850;152.94656208990753;4850;0;4850;2.2095400860621965;4850;510.35574766724341;4850;4.000061037018952;4850;4.0998565630054626
4860;152.92214728232673;4860;0;4860;2.197332682271798;4860;510.39529064189281;4860;4.000061037018952;4860;4.0983306375316628
4870;152.95876949369793;4870;0;4870;2.1607104709006011;4870;510.35574766724341;4870;4.000061037018952;4870;4.0998565630054626
4880;152.92214728232673;4880;0.012207403790398877;4880;2.1607104709006011;4880;510.35574766724341;4880;4.000061037018952;4880;4.0995513779107027
4890;152.98318430127873;4890;0;4890;2.1240882595294046;4890;510.35574766724341;4890;4.000061037018952;4890;4.0977202673421429
4900;153.08084353160191;4900;0;4900;2.1485030671102026;4900;510.43483361654216;4900;4.000061037018952;4900;4.1004669331949826
4910;152.98318430127873;4910;0;4910;2.197332682271798;4910;510.39529064189281;4910;4.000061037018952;4910;4.0980254524369029
4920;153.01980651264992;4920;0.024414807580797754;4920;2.2339548936429945;4920;510.39529064189281;4920;4.000061037018952;4920;4.1019928586687824
4930;152.90993987853633;4930;0.024414807580797754;4930;2.2461622974333935;4930;510.39529064189281;4930;4.000061037018952;4930;4.096804712057863
4940;152.92214728232673;4940;0.012207403790398877;4940;2.2095400860621965;4940;510.35574766724341;4940;4.000061037018952;4940;4.0995513779107027
4950;153.05642872402112;4950;0;4950;2.2095400860621965;4950;510.31620469259394;4950;4.000061037018952;4950;4.096804712057863
4960;153.14188055055391;4960;0;4960;2.2217474898525955;4960;510.27666171794453;4960;4.000061037018952;4960;4.0992461928159427
4970;152.97097689748833;4970;0.012207403790398877;4970;2.2095400860621965;4970;510.23711874329518;4970;4.000061037018952;4970;4.0983306375316628
4980;152.77565843684195;4980;0;4980;2.2217474898525955;4980;510.23711874329518;4980;4.000061037018952;4980;4.0983306375316628
4990;152.90993987853633;4990;0;4990;2.2583697012237924;4990;510.31620469259394;4990;4.000061037018952;4990;4.1004669331949826
5000;152.99539170506912;5000;0;5000;2.270577105014191;5000;510.27666171794453;5000;4.000061037018952;5000;4.0986358226264228
5010;152.99539170506912;5010;0;5010;2.270577105014191;5010;510.31620469259394;5010;4.000061037018952;5010;4.1013824884792625
5020;152.87331766716514;5020;0;5020;2.172917874691;5020;510.35574766724341;5020;4.000061037018952;5020;4.096804712057863
5030;152.94656208990753;5030;0;5030;2.1485030671102026;5030;510.35574766724341;5030;4.000061037018952;5030;4.1004669331949826
5040;152.97097689748833;5040;0;5040;2.197332682271798;5040;510.31620469259394;5040;4.000061037018952;5040;4.096804712057863
5050;152.99539170506912;5050;0;5050;2.2461622974333935;5050;510.27666171794453;5050;4.000061037018952;5050;4.0995513779107027
5060;153.10525833918271;5060;0;5060;2.3071993163853879;5060;510.27666171794453;5060;4.000061037018952;5060;4.0980254524369029
5070;153.05642872402112;5070;0;5070;2.3071993163853879;5070;510.27666171794453;5070;4.000061037018952;5070;4.0992461928159427
5080;152.92214728232673;5080;0;5080;2.2949919125949889;5080;510.31620469259394;5080;4.000061037018952;5080;4.0992461928159427
5090;152.98318430127873;5090;0;5090;2.2583697012237924;5090;510.31620469259394;5090;4.000061037018952;5090;4.0974150822473829
5100;153.04422132023072;5100;0;5100;2.270577105014191;5100;510.35574766724341;5100;4.000061037018952;5100;4.1001617481002226
5110;152.97097689748833;5110;0;5110;2.2583697012237924;5110;510.31620469259394;5110;4.000061037018952;5110;4.097109897152623
5120;152.92214728232673;5120;0;5120;2.2461622974333935;5120;510.31620469259394;5120;4.000061037018952;5120;4.1001617481002226
5130;152.86111026337474;5130;0;5130;2.270577105014191;5130;510.35574766724341;5130;4.000061037018952;5130;4.0955839716788232
5140;152.99539170506912;5140;0;5140;2.3316141239661854;5140;510.35574766724341;5140;4.000061037018952;5140;4.0995513779107027
5150;153.08084353160191;5150;0;5150;2.3316141239661854;5150;510.35574766724341;5150;4.000061037018952;5150;4.0977202673421429
5160;153.01980651264992;5160;0;5160;2.2583697012237924;5160;510.31620469259394;5160;4.000061037018952;5160;4.1001617481002226
5170;152.94656208990753;5170;0.012207403790398877;5170;2.2461622974333935;5170;510.31620469259394;5170;4.000061037018952;5170;4.0983306375316628
5180;152.92214728232673;5180;0.024414807580797754;5180;2.3071993163853879;5180;510.31620469259394;5180;4.000061037018952;5180;4.0980254524369029
5190;152.94656208990753;5190;0.012207403790398877;5190;2.3194067201757864;5190;510.31620469259394;5190;4.000061037018952;5190;4.0998565630054626
5200;153.06863612781152;5200;0;5200;2.270577105014191;5200;510.31620469259394;5200;4.000061037018952;5200;4.0974150822473829
5210;153.1907101657155;5210;0;5210;2.270577105014191;5210;510.35574766724341;5210;4.000061037018952;5210;4.1007721182897425
5220;153.00759910885952;5220;0;5220;2.2949919125949889;5220;510.31620469259394;5220;4.000061037018952;5220;4.097109897152623
5230;152.95876949369793;5230;0;5230;2.3438215277565844;5230;510.31620469259394;5230;4.000061037018952;5230;4.1001617481002226
5240;152.92214728232673;5240;0;5240;2.3438215277565844;5240;510.31620469259394;5240;4.000061037018952;5240;4.0961943418683431
5250;153.08084353160191;5250;0;5250;2.3071993163853879;5250;510.27666171794453;5250;4.000061037018952;5250;4.0998565630054626
5260;153.04422132023072;5260;0.012207403790398877;5260;2.3438215277565844;5260;510.27666171794453;5260;4.000061037018952;5260;4.097109897152623
5270;152.95876949369793;5270;0;5270;2.3438215277565844;5270;510.27666171794453;5270;4.000061037018952;5270;4.0986358226264228
5280;153.00759910885952;5280;0;5280;2.3316141239661854;5280;510.35574766724341;5280;4.000061037018952;5280;4.0998565630054626
5290;152.90993987853633;5290;0;5290;2.3316141239661854;5290;510.31620469259394;5290;4.000061037018952;5290;4.0977202673421429
5300;152.92214728232673;5300;0;5300;2.3316141239661854;5300;510.35574766724341;5300;4.000061037018952;5300;4.1001617481002226
5310;152.89773247474594;5310;0;5310;2.3438215277565844;5310;510.39529064189281;5310;4.000061037018952;5310;4.097109897152623
5320;152.94656208990753;5320;0;5320;2.3438215277565844;5320;510.35574766724341;5320;4.000061037018952;5320;4.1007721182897425
5330;152.90993987853633;5330;0;5330;2.3438215277565844;5330;510.31620469259394;5330;4.000061037018952;5330;4.096804712057863
5340;152.92214728232673;5340;0;5340;2.3682363353373823;5340;510.31620469259394;5340;4.000061037018952;5340;4.0998565630054626
5350;152.83669545579394;5350;0;5350;2.4048585467085788;5350;510.31620469259394;5350;4.000061037018952;5350;4.097109897152623
5360;152.81228064821315;5360;0;5360;2.3682363353373823;5360;510.35574766724341;5360;4.000061037018952;5360;4.0998565630054626
5370;152.92214728232673;5370;0;5370;2.39265114291818;5370;510.39529064189281;5370;4.000061037018952;5370;4.0986358226264228
5380;152.87331766716514;5380;0.012207403790398877;5380;2.4292733542893763;5380;510.31620469259394;5380;4.000061037018952;5380;4.0986358226264228
5390;152.95876949369793;5390;0;5390;2.39265114291818;5390;510.35574766724341;5390;4.000061037018952;5390;4.1004669331949826
5400;152.95876949369793;5400;0;5400;2.4170659504989778;5400;510.39529064189281;5400;4.000061037018952;5400;4.0977202673421429
5410;152.97097689748833;5410;0;5410;2.4292733542893763;5410;510.39529064189281;5410;4.000061037018952;5410;4.1010773033845025
5420;153.00759910885952;5420;0;5420;2.39265114291818;5420;510.31620469259394;5420;4.000061037018952;5420;4.0961943418683431
5430;153.06863612781152;5430;0;5430;2.4414807580797753;5430;510.27666171794453;5430;4.000061037018952;5430;4.1001617481002226
5440;152.99539170506912;5440;0;5440;2.4292733542893763;5440;510.27666171794453;5440;4.000061037018952;5440;4.097109897152623
5450;153.00759910885952;5450;0;5450;2.4536881618701742;5450;510.27666171794453;5450;4.000061037018952;5450;4.1004669331949826
5460;153.10525833918271;5460;0;5460;2.4536881618701742;5460;510.27666171794453;5460;4.000061037018952;5460;4.0983306375316628
5470;153.04422132023072;5470;0;5470;2.4048585467085788;5470;510.27666171794453;5470;4.000061037018952;5470;4.0986358226264228
5480;152.97097689748833;5480;0;5480;2.4414807580797753;5480;510.35574766724341;5480;4.000061037018952;5480;4.0986358226264228
5490;153.01980651264992;5490;0;5490;2.4903103732413707;5490;510.31620469259394;5490;4.000061037018952;5490;4.0977202673421429
5500;153.01980651264992;5500;0;5500;2.4414807580797753;5500;510.31620469259394;5500;4.000061037018952;5500;4.1007721182897425
5510;152.99539170506912;5510;0;5510;2.4048585467085788;5510;510.35574766724341;5510;4.000061037018952;5510;4.0974150822473829
5520;153.01980651264992;5520;0;5520;2.4414807580797753;5520;510.35574766724341;5520;4.000061037018952;5520;4.1004669331949826
5530;152.90993987853633;5530;0;5530;2.4292733542893763;5530;510.31620469259394;5530;4.000061037018952;5530;4.0958891567735831
5540;152.99539170506912;5540;0;5540;2.4658955656605732;5540;510.27666171794453;5540;4.000061037018952;5540;4.1004669331949826
5550;152.97097689748833;5550;0;5550;2.4903103732413707;5550;510.27666171794453;5550;4.000061037018952;5550;4.097109897152623
5560;153.06863612781152;5560;0;5560;2.4903103732413707;5560;510.27666171794453;5560;4.000061037018952;5560;4.0986358226264228
5570;153.14188055055391;5570;0.024414807580797754;5570;2.5391399884029662;5570;510.31620469259394;5570;4.000061037018952;5570;4.0983306375316628
5580;152.98318430127873;5580;0;5580;2.5879696035645616;5580;510.31620469259394;5580;4.000061037018952;5580;4.0980254524369029
5590;152.95876949369793;5590;0;5590;2.5513473921933656;5590;510.27666171794453;5590;4.000061037018952;5590;4.1004669331949826
5600;152.98318430127873;5600;0;5600;2.4903103732413707;5600;510.27666171794453;5600;4.000061037018952;5600;4.0974150822473829
5610;152.99539170506912;5610;0;5610;2.5025177770317697;5610;510.27666171794453;5610;4.000061037018952;5610;4.1001617481002226
5620;152.92214728232673;5620;0;5620;2.5269325846125672;5620;510.31620469259394;5620;4.000061037018952;5620;4.096804712057863
5630;152.80007324442275;5630;0;5630;2.5879696035645616;5630;510.39529064189281;5630;4.000061037018952;5630;4.1004669331949826
5640;152.77565843684195;5640;0;5640;2.6001770073549606;5640;510.35574766724341;5640;4.000061037018952;5640;4.0958891567735831
5650;153.05642872402112;5650;0.012207403790398877;5650;2.5025177770317697;5650;510.39529064189281;5650;4.000061037018952;5650;4.0995513779107027
5660;153.05642872402112;5660;0.024414807580797754;5660;2.5025177770317697;5660;510.39529064189281;5660;4.000061037018952;5660;4.0974150822473829
5670;152.94656208990753;5670;0;5670;2.5635547959837641;5670;510.35574766724341;5670;4.000061037018952;5670;4.0977202673421429
5680;152.90993987853633;5680;0;5680;2.5879696035645616;5680;510.31620469259394;5680;4.000061037018952;5680;4.0986358226264228
5690;152.94656208990753;5690;0;5690;2.5147251808221687;5690;510.27666171794453;5690;4.000061037018952;5690;4.0980254524369029
5700;153.05642872402112;5700;0;5700;2.5513473921933656;5700;510.27666171794453;5700;4.000061037018952;5700;4.1001617481002226
5710;152.97097689748833;5710;0;5710;2.5879696035645616;5710;510.27666171794453;5710;4.000061037018952;5710;4.0958891567735831
5720;152.97097689748833;5720;0;5720;2.5635547959837641;5720;510.35574766724341;5720;4.000061037018952;5720;4.0998565630054626
5730;152.98318430127873;5730;0;5730;2.6245918149357581;5730;510.35574766724341;5730;4.000061037018952;5730;4.0952787865840632
5740;152.99539170506912;5740;0;5740;2.6123844111453596;5740;510.35574766724341;5740;4.000061037018952;5740;4.0992461928159427
5750;152.98318430127873;5750;0;5750;2.5391399884029662;5750;510.35574766724341;5750;4.000061037018952;5750;4.096804712057863
5760;153.05642872402112;5760;0;5760;2.5635547959837641;5760;510.35574766724341;5760;4.000061037018952;5760;4.0998565630054626
5770;153.08084353160191;5770;0;5770;2.5879696035645616;5770;510.35574766724341;5770;4.000061037018952;5770;4.0983306375316628
5780;153.10525833918271;5780;0;5780;2.6123844111453596;5780;510.27666171794453;5780;4.000061037018952;5780;4.0980254524369029
5790;153.06863612781152;5790;0;5790;2.6856288338877534;5790;510.31620469259394;5790;4.000061037018952;5790;4.1004669331949826
5800;152.98318430127873;5800;0;5800;2.6490066225165565;5800;510.31620469259394;5800;4.000061037018952;5800;4.0974150822473829
5810;152.97097689748833;5810;0;5810;2.661214026306955;5810;510.31620469259394;5810;4.000061037018952;5810;4.1001617481002226
5820;152.89773247474594;5820;0;5820;2.661214026306955;5820;510.31620469259394;5820;4.000061037018952;5820;4.0961943418683431
5830;152.98318430127873;5830;0.012207403790398877;5830;2.6490066225165565;5830;510.31620469259394;5830;4.000061037018952;5830;4.1007721182897425
5840;152.97097689748833;5840;0.012207403790398877;5840;2.6123844111453596;5840;510.31620469259394;5840;4.000061037018952;5840;4.096804712057863
5850;153.04422132023072;5850;0;5850;2.6490066225165565;5850;510.39529064189281;5850;4.000061037018952;5850;4.0992461928159427
5860;153.09305093539231;5860;0;5860;2.6367992187261575;5860;510.39529064189281;5860;4.000061037018952;5860;4.0974150822473829
5870;153.00759910885952;5870;0;5870;2.5391399884029662;5870;510.31620469259394;5870;4.000061037018952;5870;4.0992461928159427
5880;152.94656208990753;5880;0;5880;2.5269325846125672;5880;510.39529064189281;5880;4.000061037018952;5880;4.0998565630054626
5890;152.82448805200355;5890;0;5890;2.5513473921933656;5890;510.35574766724341;5890;4.000061037018952;5890;4.0977202673421429
5900;152.97097689748833;5900;0;5900;2.6123844111453596;5900;510.31620469259394;5900;4.000061037018952;5900;4.1007721182897425
5910;152.92214728232673;5910;0;5910;2.6367992187261575;5910;510.27666171794453;5910;4.000061037018952;5910;4.0974150822473829
5920;152.87331766716514;5920;0;5920;2.661214026306955;5920;510.31620469259394;5920;4.000061037018952;5920;4.0998565630054626
5930;152.94656208990753;5930;0;5930;2.6367992187261575;5930;510.31620469259394;5930;4.000061037018952;5930;4.0952787865840632
5940;152.90993987853633;5940;0;5940;2.6367992187261575;5940;510.31620469259394;5940;4.000061037018952;5940;4.0992461928159427
5950;152.90993987853633;5950;0;5950;2.7100436414685505;5950;510.35574766724341;5950;4.000061037018952;5950;4.0958891567735831
5960;153.06863612781152;5960;0.024414807580797754;5960;2.7100436414685505;5960;510.35574766724341;5960;4.000061037018952;5960;4.0980254524369029
5970;153.09305093539231;5970;0.048829615161595508;5970;2.6856288338877534;5970;510.39529064189281;5970;4.000061037018952;5970;4.0983306375316628
5980;153.14188055055391;5980;0.024414807580797754;5980;2.6978362376781519;5980;510.35574766724341;5980;4.000061037018952;5980;4.0986358226264228
5990;153.15408795434431;5990;0.012207403790398877;5990;2.6856288338877534;5990;510.35574766724341;5990;4.000061037018952;5990;4.0998565630054626
6000;152.99539170506912;6000;0;6000;2.6978362376781519;6000;510.31620469259394;6000;4.000061037018952;6000;4.096804712057863
6010;152.95876949369793;6010;0.012207403790398877;6010;2.7710806604205449;6010;510.31620469259394;6010;4.000061037018952;6010;4.1004669331949826
6020;152.97097689748833;6020;0.012207403790398877;6020;2.7954954680013429;6020;510.31620469259394;6020;4.000061037018952;6020;4.096804712057863
6030;153.04422132023072;6030;0.012207403790398877;6030;2.7588732566301464;6030;510.35574766724341;6030;4.000061037018952;6030;4.1001617481002226
6040;152.97097689748833;6040;0;6040;2.7100436414685505;6040;510.31620469259394;6040;4.000061037018952;6040;4.0958891567735831
6050;153.04422132023072;6050;0;6050;2.8199102755821404;6050;510.31620469259394;6050;4.000061037018952;6050;4.0995513779107027
6060;153.11746574297311;6060;0.012207403790398877;6060;2.8077028717917418;6060;510.31620469259394;6060;4.000061037018952;6060;4.0977202673421429
6070;153.00759910885952;6070;0.012207403790398877;6070;2.722251045258949;6070;510.31620469259394;6070;4.000061037018952;6070;4.0983306375316628
6080;152.92214728232673;6080;0.012207403790398877;6080;2.7588732566301464;6080;510.39529064189281;6080;4.000061037018952;6080;4.0995513779107027
6090;152.95876949369793;6090;0.012207403790398877;6090;2.6978362376781519;6090;510.43483361654216;6090;4.000061037018952;6090;4.0980254524369029
6100;153.06863612781152;6100;0.012207403790398877;6100;2.7100436414685505;6100;510.39529064189281;6100;4.000061037018952;6100;4.1007721182897425
6110;153.00759910885952;6110;0;6110;2.7466658528397478;6110;510.31620469259394;6110;4.000061037018952;6110;4.097109897152623
6120;152.98318430127873;6120;0;6120;2.7710806604205449;6120;510.35574766724341;6120;4.000061037018952;6120;4.1001617481002226
6130;153.00759910885952;6130;0;6130;2.9053621021149327;6130;510.35574766724341;6130;4.000061037018952;6130;4.0958891567735831
6140;153.11746574297311;6140;0;6140;2.9175695059053313;6140;510.35574766724341;6140;4.000061037018952;6140;4.1001617481002226
6150;153.01980651264992;6150;0.012207403790398877;6150;2.7954954680013429;6150;510.35574766724341;6150;4.000061037018952;6150;4.0974150822473829
6160;152.92214728232673;6160;0;6160;2.7588732566301464;6160;510.31620469259394;6160;4.000061037018952;6160;4.0992461928159427
6170;152.98318430127873;6170;0;6170;2.8077028717917418;6170;510.31620469259394;6170;4.000061037018952;6170;4.0980254524369029
6180;152.97097689748833;6180;0;6180;2.7954954680013429;6180;510.27666171794453;6180;4.000061037018952;6180;4.0974150822473829
6190;152.95876949369793;6190;0;6190;2.8687398907437363;6190;510.35574766724341;6190;4.000061037018952;6190;4.1001617481002226
6200;152.99539170506912;6200;0;6200;2.9175695059053313;6200;510.35574766724341;6200;4.000061037018952;6200;4.0974150822473829
6210;153.04422132023072;6210;0;6210;2.8565324869533373;6210;510.39529064189281;6210;4.000061037018952;6210;4.1001617481002226
6220;153.00759910885952;6220;0.012207403790398877;6220;2.8321176793725393;6220;510.31620469259394;6220;4.000061037018952;6220;4.0958891567735831
6230;153.08084353160191;6230;0.012207403790398877;6230;2.8077028717917418;6230;510.31620469259394;6230;4.000061037018952;6230;4.0998565630054626
6240;153.06863612781152;6240;0.012207403790398877;6240;2.7588732566301464;6240;510.35574766724341;6240;4.000061037018952;6240;4.096804712057863
6250;153.08084353160191;6250;0;6250;2.8687398907437363;6250;510.31620469259394;6250;4.000061037018952;6250;4.0995513779107027
6260;153.08084353160191;6260;0;6260;2.9541917172765282;6260;510.35574766724341;6260;4.000061037018952;6260;4.0974150822473829
6270;153.05642872402112;6270;0;6270;2.9053621021149327;6270;510.31620469259394;6270;4.000061037018952;6270;4.0980254524369029
6280;153.06863612781152;6280;0;6280;2.9053621021149327;6280;510.31620469259394;6280;4.000061037018952;6280;4.0986358226264228
6290;153.10525833918271;6290;0;6290;2.8931546983245338;6290;510.31620469259394;6290;4.000061037018952;6290;4.0974150822473829
6300;153.08084353160191;6300;0;6300;2.8687398907437363;6300;510.35574766724341;6300;4.000061037018952;6300;4.0998565630054626
6310;153.08084353160191;6310;0;6310;2.9053621021149327;6310;510.31620469259394;6310;4.000061037018952;6310;4.0958891567735831
6320;153.10525833918271;6320;0;6320;2.8931546983245338;6320;510.27666171794453;6320;4.000061037018952;6320;4.0998565630054626
6330;153.05642872402112;6330;0;6330;2.8443250831629387;6330;510.27666171794453;6330;4.000061037018952;6330;4.0961943418683431
6340;153.05642872402112;6340;0.012207403790398877;6340;2.8931546983245338;6340;510.27666171794453;6340;4.000061037018952;6340;4.0998565630054626
6350;152.97097689748833;6350;0.012207403790398877;6350;2.9175695059053313;6350;510.31620469259394;6350;4.000061037018952;6350;4.0961943418683431
6360;153.01980651264992;6360;0.012207403790398877;6360;2.8687398907437363;6360;510.27666171794453;6360;4.000061037018952;6360;4.0980254524369029
6370;153.01980651264992;6370;0.012207403790398877;6370;2.8931546983245338;6370;510.31620469259394;6370;4.000061037018952;6370;4.0977202673421429
6380;152.97097689748833;6380;0;6380;2.9053621021149327;6380;510.31620469259394;6380;4.000061037018952;6380;4.0977202673421429
6390;152.83669545579394;6390;0;6390;2.9175695059053313;6390;510.35574766724341;6390;4.000061037018952;6390;4.1001617481002226
6400;152.87331766716514;6400;0;6400;2.9175695059053313;6400;510.31620469259394;6400;4.000061037018952;6400;4.0974150822473829
6410;153.00759910885952;6410;0;6410;2.8687398907437363;6410;510.23711874329518;6410;4.000061037018952;6410;4.1001617481002226
6420;152.98318430127873;6420;0;6420;2.9175695059053313;6420;510.23711874329518;6420;4.000061037018952;6420;4.0955839716788232
6430;153.04422132023072;6430;0.012207403790398877;6430;2.9541917172765282;6430;510.27666171794453;6430;4.000061037018952;6430;4.0995513779107027
6440;153.01980651264992;6440;0;6440;2.9908139286477247;6440;510.27666171794453;6440;4.000061037018952;6440;4.0955839716788232
6450;153.04422132023072;6450;0;6450;2.9541917172765282;6450;510.27666171794453;6450;4.000061037018952;6450;4.0986358226264228
6460;152.98318430127873;6460;0;6460;2.9419843134861297;6460;510.31620469259394;6460;4.000061037018952;6460;4.0974150822473829
6470;152.95876949369793;6470;0;6470;2.9419843134861297;6470;510.31620469259394;6470;4.000061037018952;6470;4.0977202673421429
6480;152.98318430127873;6480;0.024414807580797754;6480;2.9541917172765282;6480;510.27666171794453;6480;4.000061037018952;6480;4.0995513779107027
6490;152.92214728232673;6490;0.024414807580797754;6490;2.9175695059053313;6490;510.27666171794453;6490;4.000061037018952;6490;4.0983306375316628
6500;152.94656208990753;6500;0.024414807580797754;6500;2.9053621021149327;6500;510.35574766724341;6500;4.000061037018952;6500;4.0998565630054626
6510;153.01980651264992;6510;0;6510;3.0396435438093206;6510;510.31620469259394;6510;4.000061037018952;6510;4.0955839716788232
6520;153.09305093539231;6520;0;6520;3.088473158970916;6520;510.27666171794453;6520;4.000061037018952;6520;4.1004669331949826
6530;153.08084353160191;6530;0;6530;2.9663991210669272;6530;510.31620469259394;6530;4.000061037018952;6530;4.0974150822473829
6540;153.11746574297311;6540;0;6540;3.0030213324381236;6540;510.35574766724341;6540;4.000061037018952;6540;4.1004669331949826
6550;152.97097689748833;6550;0;6550;3.0152287362285222;6550;510.31620469259394;6550;4.000061037018952;6550;4.0977202673421429
6560;152.97097689748833;6560;0;6560;3.0030213324381236;6560;510.31620469259394;6560;4.000061037018952;6560;4.0995513779107027
6570;152.99539170506912;6570;0.024414807580797754;6570;3.0152287362285222;6570;510.35574766724341;6570;4.000061037018952;6570;4.0980254524369029
6580;152.98318430127873;6580;0.024414807580797754;6580;3.0152287362285222;6580;510.31620469259394;6580;4.000061037018952;6580;4.097109897152623
6590;153.01980651264992;6590;0.036622211371196631;6590;3.0274361400189216;6590;510.31620469259394;6590;4.000061037018952;6590;4.0995513779107027
6600;152.98318430127873;6600;0;6600;2.9541917172765282;6600;510.31620469259394;6600;4.000061037018952;6600;4.097109897152623
6610;153.10525833918271;6610;0;6610;2.9541917172765282;6610;510.35574766724341;6610;4.000061037018952;6610;4.1004669331949826
6620;152.98318430127873;6620;0.024414807580797754;6620;2.9663991210669272;6620;510.35574766724341;6620;4.000061037018952;6620;4.097109897152623
6630;152.97097689748833;6630;0.012207403790398877;6630;3.0274361400189216;6630;510.31620469259394;6630;4.000061037018952;6630;4.1001617481002226
6640;153.06863612781152;6640;0;6640;3.0152287362285222;6640;510.35574766724341;6640;4.000061037018952;6640;4.0958891567735831
6650;153.15408795434431;6650;0;6650;2.9663991210669272;6650;510.39529064189281;6650;4.000061037018952;6650;4.0992461928159427
6660;153.05642872402112;6660;0;6660;3.0030213324381236;6660;510.31620469259394;6660;4.000061037018952;6660;4.0977202673421429
6670;152.94656208990753;6670;0;6670;3.088473158970916;6670;510.27666171794453;6670;4.000061037018952;6670;4.0983306375316628
6680;153.10525833918271;6680;0;6680;3.1373027741325119;6680;510.35574766724341;6680;4.000061037018952;6680;4.0995513779107027
6690;153.10525833918271;6690;0;6690;3.1495101779229104;6690;510.35574766724341;6690;4.000061037018952;6690;4.0977202673421429
6700;153.08084353160191;6700;0;6700;3.1006805627613145;6700;510.39529064189281;6700;4.000061037018952;6700;4.1004669331949826
6710;153.05642872402112;6710;0;6710;3.0396435438093206;6710;510.35574766724341;6710;4.000061037018952;6710;4.097109897152623
6720;153.08084353160191;6720;0;6720;3.088473158970916;6720;510.35574766724341;6720;4.000061037018952;6720;4.1001617481002226
6730;153.08084353160191;6730;0;6730;3.0518509475997191;6730;510.27666171794453;6730;4.000061037018952;6730;4.0958891567735831
6740;153.11746574297311;6740;0;6740;3.1495101779229104;6740;510.31620469259394;6740;4.000061037018952;6740;4.1001617481002226
6750;153.08084353160191;6750;0;6750;3.1983397930845059;6750;510.31620469259394;6750;4.000061037018952;6750;4.0980254524369029
6760;153.00759910885952;6760;0;6760;3.1250953703421125;6760;510.31620469259394;6760;4.000061037018952;6760;4.0995513779107027
6770;152.92214728232673;6770;0;6770;3.1983397930845059;6770;510.39529064189281;6770;4.000061037018952;6770;4.0992461928159427
6780;153.00759910885952;6780;0;6780;3.2837916196172983;6780;510.39529064189281;6780;4.000061037018952;6780;4.0983306375316628
6790;153.15408795434431;6790;0;6790;3.2227546006653034;6790;510.39529064189281;6790;4.000061037018952;6790;4.1004669331949826
6800;153.04422132023072;6800;0;6800;3.1128879665517131;6800;510.31620469259394;6800;4.000061037018952;6800;4.0977202673421429
6810;153.04422132023072;6810;0;6810;3.088473158970916;6810;510.35574766724341;6810;4.000061037018952;6810;4.1001617481002226
6820;153.10525833918271;6820;0;6820;3.1250953703421125;6820;510.31620469259394;6820;4.000061037018952;6820;4.0961943418683431
6830;153.06863612781152;6830;0;6830;3.1250953703421125;6830;510.31620469259394;6830;4.000061037018952;6830;4.1004669331949826
6840;152.97097689748833;6840;0;6840;3.1250953703421125;6840;510.31620469259394;6840;4.000061037018952;6840;4.097109897152623
6850;153.10525833918271;6850;0;6850;3.1373027741325119;6850;510.31620469259394;6850;4.000061037018952;6850;4.0998565630054626
6860;153.05642872402112;6860;0;6860;3.1983397930845059;6860;510.35574766724341;6860;4.000061037018952;6860;4.0980254524369029
6870;152.98318430127873;6870;0;6870;3.1983397930845059;6870;510.35574766724341;6870;4.000061037018952;6870;4.0983306375316628
6880;152.92214728232673;6880;0.012207403790398877;6880;3.1128879665517131;6880;510.35574766724341;6880;4.000061037018952;6880;4.0986358226264228
6890;153.05642872402112;6890;0;6890;3.0518509475997191;6890;510.31620469259394;6890;4.000061037018952;6890;4.097109897152623
6900;153.01980651264992;6900;0;6900;3.1006805627613145;6900;510.39529064189281;6900;4.000061037018952;6900;4.1004669331949826
6910;152.97097689748833;6910;0;6910;3.1861323892941074;6910;510.39529064189281;6910;4.000061037018952;6910;4.097109897152623
6920;153.10525833918271;6920;0;6920;3.1861323892941074;6920;510.35574766724341;6920;4.000061037018952;6920;4.1010773033845025
6930;153.01980651264992;6930;0;6930;3.1006805627613145;6930;510.31620469259394;6930;4.000061037018952;6930;4.0974150822473829
6940;153.06863612781152;6940;0;6940;3.1373027741325119;6940;510.31620469259394;6940;4.000061037018952;6940;4.0998565630054626
6950;153.01980651264992;6950;0.012207403790398877;6950;3.1861323892941074;6950;510.27666171794453;6950;4.000061037018952;6950;4.097109897152623
6960;152.99539170506912;6960;0;6960;3.1861323892941074;6960;510.27666171794453;6960;4.000061037018952;6960;4.0986358226264228
6970;153.06863612781152;6970;0;6970;3.2227546006653034;6970;510.31620469259394;6970;4.000061037018952;6970;4.0983306375316628
6980;153.08084353160191;6980;0;6980;3.2593768120365003;6980;510.31620469259394;6980;4.000061037018952;6980;4.097109897152623
6990;153.09305093539231;6990;0;6990;3.2959990234076968;6990;510.35574766724341;6990;4.000061037018952;6990;4.0995513779107027
7000;153.09305093539231;7000;0;7000;3.2105471968749049;7000;510.35574766724341;7000;4.000061037018952;7000;4.0980254524369029
7010;153.05642872402112;7010;0.024414807580797754;7010;3.2227546006653034;7010;510.35574766724341;7010;4.000061037018952;7010;4.1001617481002226
7020;152.90993987853633;7020;0.012207403790398877;7020;3.2837916196172983;7020;510.31620469259394;7020;4.000061037018952;7020;4.0955839716788232
7030;152.95876949369793;7030;0;7030;3.2471694082461013;7030;510.31620469259394;7030;4.000061037018952;7030;4.1001617481002226
7040;152.94656208990753;7040;0;7040;3.2349620044557028;7040;510.27666171794453;7040;4.000061037018952;7040;4.096804712057863
7050;152.98318430127873;7050;0;7050;3.2837916196172983;7050;510.31620469259394;7050;4.000061037018952;7050;4.0995513779107027
7060;152.99539170506912;7060;0;7060;3.2959990234076968;7060;510.35574766724341;7060;4.000061037018952;7060;4.0983306375316628
7070;153.04422132023072;7070;0;7070;3.2837916196172983;7070;510.31620469259394;7070;4.000061037018952;7070;4.0986358226264228
7080;153.08084353160191;7080;0;7080;3.2471694082461013;7080;510.31620469259394;7080;4.000061037018952;7080;4.0992461928159427
7090;153.01980651264992;7090;0;7090;3.2105471968749049;7090;510.23711874329518;7090;4.000061037018952;7090;4.0961943418683431
7100;153.04422132023072;7100;0.012207403790398877;7100;3.2593768120365003;7100;510.27666171794453;7100;4.000061037018952;7100;4.0998565630054626
7110;152.97097689748833;7110;0;7110;3.2471694082461013;7110;510.31620469259394;7110;4.000061037018952;7110;4.0974150822473829
7120;152.90993987853633;7120;0;7120;3.2837916196172983;7120;510.31620469259394;7120;4.000061037018952;7120;4.1004669331949826
7130;152.82448805200355;7130;0;7130;3.3936582537308877;7130;510.35574766724341;7130;4.000061037018952;7130;4.0961943418683431
7140;152.92214728232673;7140;0;7140;3.3570360423596917;7140;510.31620469259394;7140;4.000061037018952;7140;4.0995513779107027
7150;152.95876949369793;7150;0;7150;3.3448286385692922;7150;510.31620469259394;7150;4.000061037018952;7150;4.0961943418683431
7160;152.98318430127873;7160;0;7160;3.3936582537308877;7160;510.31620469259394;7160;4.000061037018952;7160;4.0986358226264228
7170;152.94656208990753;7170;0;7170;3.4302804651020846;7170;510.31620469259394;7170;4.000061037018952;7170;4.0992461928159427
7180;152.95876949369793;7180;0;7180;3.4180730613116856;7180;510.27666171794453;7180;4.000061037018952;7180;4.0980254524369029
7190;153.06863612781152;7190;0.012207403790398877;7190;3.3814508499404892;7190;510.31620469259394;7190;4.000061037018952;7190;4.0992461928159427
7200;153.04422132023072;7200;0;7200;3.3448286385692922;7200;510.35574766724341;7200;4.000061037018952;7200;4.0961943418683431
7210;153.11746574297311;7210;0;7210;3.3326212347788937;7210;510.39529064189281;7210;4.000061037018952;7210;4.0998565630054626
7220;153.05642872402112;7220;0;7220;3.3326212347788937;7220;510.31620469259394;7220;4.000061037018952;7220;4.096804712057863
7230;153.09305093539231;7230;0;7230;3.3326212347788937;7230;510.27666171794453;7230;4.000061037018952;7230;4.1004669331949826
7240;153.05642872402112;7240;0.012207403790398877;7240;3.3448286385692922;7240;510.27666171794453;7240;4.000061037018952;7240;4.0961943418683431
7250;152.95876949369793;7250;0;7250;3.4669026764732811;7250;510.27666171794453;7250;4.000061037018952;7250;4.0986358226264228
7260;153.10525833918271;7260;0;7260;3.527939695425276;7260;510.31620469259394;7260;4.000061037018952;7260;4.0977202673421429
7270;153.1785027619251;7270;0;7270;3.4058656575212871;7270;510.31620469259394;7270;4.000061037018952;7270;4.0983306375316628
7280;153.15408795434431;7280;0;7280;3.3448286385692922;7280;510.31620469259394;7280;4.000061037018952;7280;4.0983306375316628
7290;153.1785027619251;7290;0;7290;3.3448286385692922;7290;510.35574766724341;7290;4.000061037018952;7290;4.096804712057863
7300;153.1907101657155;7300;0;7300;3.4180730613116856;7300;510.35574766724341;7300;4.000061037018952;7300;4.0998565630054626
7310;153.05642872402112;7310;0;7310;3.3570360423596917;7310;510.27666171794453;7310;4.000061037018952;7310;4.096804712057863
7320;152.98318430127873;7320;0;7320;3.2959990234076968;7320;510.27666171794453;7320;4.000061037018952;7320;4.1007721182897425
7330;152.83669545579394;7330;0;7330;3.3936582537308877;7330;510.35574766724341;7330;4.000061037018952;7330;4.096804712057863
7340;152.99539170506912;7340;0;7340;3.3570360423596917;7340;510.35574766724341;7340;4.000061037018952;7340;4.0992461928159427
EOF
